{
    "user_id": 132,
    "item_id": 3066,
    "user_mlp_embedding": [
        0.04946896806359291,
        0.03496871143579483,
        0.053754664957523346,
        0.04400378465652466,
        0.04132179915904999,
        -0.04658142104744911,
        -0.04375358298420906,
        -0.03776136413216591,
        0.03766103833913803,
        0.04068824648857117,
        0.03322051092982292,
        0.03339235857129097,
        0.034095462411642075,
        -0.05015651881694794,
        0.0381045900285244,
        0.04460744187235832,
        -0.05330102518200874,
        -0.04448879510164261,
        -0.09054407477378845,
        0.04057968780398369,
        -0.041647229343652725,
        0.03665218502283096,
        0.027835464105010033,
        -0.027474738657474518,
        -0.05081246420741081,
        0.05445437505841255,
        0.05083519592881203,
        0.04389399662613869,
        0.04301708564162254,
        0.032466769218444824,
        0.030669840052723885,
        0.014369972981512547
    ],
    "item_mlp_embedding": [
        0.05817200988531113,
        0.05610375106334686,
        0.05633337050676346,
        0.055675823241472244,
        -0.055997077375650406,
        0.0633942186832428,
        -0.054159458726644516,
        0.05889350175857544,
        0.056553710252046585,
        0.04252089932560921,
        0.05536463484168053,
        0.06270713359117508,
        0.05807514488697052,
        0.04062497615814209,
        0.057768821716308594,
        0.05520453304052353,
        -0.051456108689308167,
        0.04119415953755379,
        -0.048614151775836945,
        0.05973063036799431,
        -0.0459921658039093,
        -0.045645445585250854,
        -0.05880849435925484,
        0.05746730789542198,
        -0.05399829521775246,
        0.06059345230460167,
        -0.051934339106082916,
        -0.05416957288980484,
        -0.061257801949977875,
        -0.047497525811195374,
        -0.053925421088933945,
        0.051635295152664185
    ],
    "user_mf_embedding": [
        2.2613783675490273e-12,
        -3.237935483293595e-15,
        -1.0391562149615272e-13,
        -1.5669669050528372e-18,
        9.346968868281802e-17,
        -2.0321524779602542e-17,
        4.816927293236489e-15,
        1.4004472596504652e-14,
        -1.7891118850364793e-15,
        2.5458778016513098e-14,
        3.3505529737889173e-17,
        -8.46457452741145e-13,
        -2.9114412974668574e-14,
        5.699787023654215e-14,
        1.5214411092537663e-15,
        -6.390061023316173e-15,
        2.278143816034908e-16,
        9.310446395782972e-15,
        -3.038258900923182e-15,
        -1.176051354791327e-15,
        -8.444271757529487e-13,
        -4.13526071024739e-12,
        1.592370483586539e-15,
        8.1448667255124e-12,
        6.194809208713318e-17,
        -1.6048355263174516e-15,
        8.003766920061661e-12,
        1.254037572365912e-15,
        3.721721146326615e-14,
        -3.8845877255702974e-17,
        -6.831070580188696e-17,
        4.706337401093547e-15
    ],
    "item_mf_embedding": [
        2.887438378673668e-11,
        9.692174498957332e-16,
        8.564823621105746e-15,
        5.0372846713963166e-18,
        6.907768751818083e-19,
        -5.438581988095738e-20,
        -1.3508458149405532e-15,
        -4.5670038694020035e-15,
        1.4273728276810796e-14,
        -1.0646083945913811e-15,
        2.509823473674516e-17,
        4.9744706780412845e-14,
        1.7431499291426823e-14,
        3.8371836590261085e-16,
        -2.934664569188318e-14,
        1.5105112078606336e-16,
        3.2662555386059333e-13,
        1.0628840737387878e-17,
        -1.2723073191788642e-13,
        2.255245736143766e-17,
        -1.4063944236628045e-12,
        3.0581190177396574e-16,
        3.9541310628337864e-15,
        1.28733232841044e-13,
        4.736305956162996e-16,
        -3.431956479614751e-16,
        6.007878656372201e-14,
        -7.143347540341919e-16,
        4.1715353565759626e-17,
        5.4327138084399665e-14,
        -8.871785866413977e-18,
        -2.7113478054798055e-15
    ],
    "mf_product": [
        6.529590408042844e-23,
        -3.1382635358479093e-30,
        -8.90018931102493e-28,
        -7.89325802492009e-36,
        6.456670192773974e-35,
        1.1052027984080083e-36,
        -6.506925845247948e-30,
        -6.395847835705414e-29,
        -2.5537295413308965e-29,
        -2.71036301629548e-29,
        8.409296486305598e-34,
        -4.2106778937461155e-26,
        -5.075078663248053e-28,
        2.187112977772711e-29,
        -4.4649192003328323e-29,
        -9.652258710082155e-31,
        7.441000062716435e-29,
        9.895925053273145e-32,
        3.865598991515244e-28,
        -2.652284948428414e-32,
        1.187597650905506e-24,
        -1.2646119200998216e-27,
        6.2964416387106134e-30,
        1.0485150638201868e-24,
        2.934051238194104e-32,
        5.507725648433171e-31,
        4.808566235761292e-25,
        -8.958025852418722e-31,
        1.5525291797524887e-30,
        -2.110385320573635e-30,
        6.060379593454347e-34,
        -1.2760518175803292e-29
    ],
    "mlp_output": [
        2.0770931243896484,
        1.8732285499572754,
        2.2336902618408203,
        1.7210023403167725,
        0.0,
        0.0,
        0.0,
        0.3784085810184479,
        0.0,
        1.3384711742401123,
        0.0,
        0.0,
        0.0,
        0.0,
        0.0,
        1.85007643699646
    ],
    "final_vector": [
        2.0770931243896484,
        1.8732285499572754,
        2.2336902618408203,
        1.7210023403167725,
        0.0,
        0.0,
        0.0,
        0.3784085810184479,
        0.0,
        1.3384711742401123,
        0.0,
        0.0,
        0.0,
        0.0,
        0.0,
        1.85007643699646,
        6.529590408042844e-23,
        -3.1382635358479093e-30,
        -8.90018931102493e-28,
        -7.89325802492009e-36,
        6.456670192773974e-35,
        1.1052027984080083e-36,
        -6.506925845247948e-30,
        -6.395847835705414e-29,
        -2.5537295413308965e-29,
        -2.71036301629548e-29,
        8.409296486305598e-34,
        -4.2106778937461155e-26,
        -5.075078663248053e-28,
        2.187112977772711e-29,
        -4.4649192003328323e-29,
        -9.652258710082155e-31,
        7.441000062716435e-29,
        9.895925053273145e-32,
        3.865598991515244e-28,
        -2.652284948428414e-32,
        1.187597650905506e-24,
        -1.2646119200998216e-27,
        6.2964416387106134e-30,
        1.0485150638201868e-24,
        2.934051238194104e-32,
        5.507725648433171e-31,
        4.808566235761292e-25,
        -8.958025852418722e-31,
        1.5525291797524887e-30,
        -2.110385320573635e-30,
        6.060379593454347e-34,
        -1.2760518175803292e-29
    ],