{
    "user_id": 132,
    "item_id": 5670,
    "user_mlp_embedding": [
        0.04946896806359291,
        0.03496871143579483,
        0.053754664957523346,
        0.04400378465652466,
        0.04132179915904999,
        -0.04658142104744911,
        -0.04375358298420906,
        -0.03776136413216591,
        0.03766103833913803,
        0.04068824648857117,
        0.03322051092982292,
        0.03339235857129097,
        0.034095462411642075,
        -0.05015651881694794,
        0.0381045900285244,
        0.04460744187235832,
        -0.05330102518200874,
        -0.04448879510164261,
        -0.09054407477378845,
        0.04057968780398369,
        -0.041647229343652725,
        0.03665218502283096,
        0.027835464105010033,
        -0.027474738657474518,
        -0.05081246420741081,
        0.05445437505841255,
        0.05083519592881203,
        0.04389399662613869,
        0.04301708564162254,
        0.032466769218444824,
        0.030669840052723885,
        0.014369972981512547
    ],
    "item_mlp_embedding": [
        0.04414990171790123,
        0.03695228323340416,
        0.04217904806137085,
        0.032965466380119324,
        -0.04089176282286644,
        0.04310617223381996,
        -0.03681567683815956,
        0.044597674161195755,
        0.0375780388712883,
        0.043682266026735306,
        0.04290064796805382,
        0.04615570977330208,
        0.04641537368297577,
        0.0422712005674839,
        0.03917424753308296,
        0.0409063994884491,
        -0.060089386999607086,
        0.0338439866900444,
        -0.04130032658576965,
        0.03980175033211708,
        -0.03225112333893776,
        -0.03786486014723778,
        -0.03612372279167175,
        0.04260166361927986,
        -0.040664367377758026,
        0.04277138039469719,
        -0.037753619253635406,
        -0.04412350431084633,
        -0.039066556841135025,
        -0.03398316353559494,
        -0.04498419165611267,
        0.043063949793577194
    ],
    "user_mf_embedding": [
        2.2613783675490273e-12,
        -3.237935483293595e-15,
        -1.0391562149615272e-13,
        -1.5669669050528372e-18,
        9.346968868281802e-17,
        -2.0321524779602542e-17,
        4.816927293236489e-15,
        1.4004472596504652e-14,
        -1.7891118850364793e-15,
        2.5458778016513098e-14,
        3.3505529737889173e-17,
        -8.46457452741145e-13,
        -2.9114412974668574e-14,
        5.699787023654215e-14,
        1.5214411092537663e-15,
        -6.390061023316173e-15,
        2.278143816034908e-16,
        9.310446395782972e-15,
        -3.038258900923182e-15,
        -1.176051354791327e-15,
        -8.444271757529487e-13,
        -4.13526071024739e-12,
        1.592370483586539e-15,
        8.1448667255124e-12,
        6.194809208713318e-17,
        -1.6048355263174516e-15,
        8.003766920061661e-12,
        1.254037572365912e-15,
        3.721721146326615e-14,
        -3.8845877255702974e-17,
        -6.831070580188696e-17,
        4.706337401093547e-15
    ],
    "item_mf_embedding": [
        4.370391581184213e-13,
        -7.193542448098413e-17,
        1.1202999214887568e-14,
        4.3300201220523716e-19,
        -5.717571242049727e-18,
        3.8387554345388573e-16,
        7.185336551724091e-16,
        -8.55438902222852e-14,
        -7.405820477267983e-14,
        -1.2101131457564057e-13,
        2.7227760269437197e-16,
        -1.0923321980011585e-13,
        1.0029994531728396e-15,
        1.069823686561909e-13,
        -8.345298092165849e-15,
        1.5625439124148733e-15,
        -1.2028994140133117e-16,
        -1.5125984823311254e-16,
        5.853803193860054e-15,
        4.853877967359935e-17,
        -3.016105389462456e-15,
        1.588926977018595e-15,
        1.3451964492895019e-16,
        7.761313813858806e-10,
        -5.600601037835645e-17,
        2.953416613385063e-17,
        2.253691374146105e-12,
        -2.8621343872885295e-16,
        2.1968192510327805e-14,
        -3.1997330268230054e-15,
        -2.1707282592711398e-16,
        -3.828768069057782e-15
    ],
    "mf_product": [
        9.883108758631427e-25,
        2.329222542948139e-31,
        -1.1641665845942608e-27,
        -6.784998377990065e-37,
        -5.344195884891445e-34,
        -7.800936099097824e-33,
        3.4611244380865665e-30,
        -1.1979970848113781e-27,
        1.324984190511274e-28,
        -3.0808001614364367e-27,
        9.12280521053641e-33,
        9.2461271202331e-26,
        -2.920174125363579e-29,
        6.097767300796103e-27,
        -1.2696879732836215e-29,
        -9.984750578596421e-30,
        -2.740377964446975e-32,
        -1.4082966811834305e-30,
        -1.7785370211105116e-29,
        -5.708409805587475e-32,
        2.5468813437087686e-27,
        -6.57062739853189e-27,
        2.142051163554278e-31,
        6.3214867050567805e-21,
        -3.469465331638243e-33,
        -4.7397478000225964e-32,
        1.8038020883580376e-23,
        -3.5892241230465215e-31,
        8.175949133227944e-28,
        1.2429643176258694e-31,
        1.482839838472252e-32,
        -1.801947451900923e-29
    ],
    "mlp_output": [
        1.6421401500701904,
        1.4538698196411133,
        1.7604128122329712,
        1.344917893409729,
        0.0,
        0.0,
        0.0,
        0.27544015645980835,
        0.0,
        1.045178771018982,
        0.0,
        0.0,
        0.08565651625394821,
        0.0,
        0.0,
        1.4630452394485474
    ],
    "final_vector": [
        1.6421401500701904,
        1.4538698196411133,
        1.7604128122329712,
        1.344917893409729,
        0.0,
        0.0,
        0.0,
        0.27544015645980835,
        0.0,
        1.045178771018982,
        0.0,
        0.0,
        0.08565651625394821,
        0.0,
        0.0,
        1.4630452394485474,
        9.883108758631427e-25,
        2.329222542948139e-31,
        -1.1641665845942608e-27,
        -6.784998377990065e-37,
        -5.344195884891445e-34,
        -7.800936099097824e-33,
        3.4611244380865665e-30,
        -1.1979970848113781e-27,
        1.324984190511274e-28,
        -3.0808001614364367e-27,
        9.12280521053641e-33,
        9.2461271202331e-26,
        -2.920174125363579e-29,
        6.097767300796103e-27,
        -1.2696879732836215e-29,
        -9.984750578596421e-30,
        -2.740377964446975e-32,
        -1.4082966811834305e-30,
        -1.7785370211105116e-29,
        -5.708409805587475e-32,
        2.5468813437087686e-27,
        -6.57062739853189e-27,
        2.142051163554278e-31,
        6.3214867050567805e-21,
        -3.469465331638243e-33,
        -4.7397478000225964e-32,
        1.8038020883580376e-23,
        -3.5892241230465215e-31,
        8.175949133227944e-28,
        1.2429643176258694e-31,
        1.482839838472252e-32,
        -1.801947451900923e-29
    ],