{
    "user_id": 132,
    "item_id": 2256,
    "user_mlp_embedding": [
        0.04946896806359291,
        0.03496871143579483,
        0.053754664957523346,
        0.04400378465652466,
        0.04132179915904999,
        -0.04658142104744911,
        -0.04375358298420906,
        -0.03776136413216591,
        0.03766103833913803,
        0.04068824648857117,
        0.03322051092982292,
        0.03339235857129097,
        0.034095462411642075,
        -0.05015651881694794,
        0.0381045900285244,
        0.04460744187235832,
        -0.05330102518200874,
        -0.04448879510164261,
        -0.09054407477378845,
        0.04057968780398369,
        -0.041647229343652725,
        0.03665218502283096,
        0.027835464105010033,
        -0.027474738657474518,
        -0.05081246420741081,
        0.05445437505841255,
        0.05083519592881203,
        0.04389399662613869,
        0.04301708564162254,
        0.032466769218444824,
        0.030669840052723885,
        0.014369972981512547
    ],
    "item_mlp_embedding": [
        0.05219564586877823,
        0.05237554386258125,
        0.056496016681194305,
        0.06157543882727623,
        -0.05574551224708557,
        0.055806808173656464,
        -0.05138944089412689,
        0.053161390125751495,
        0.052923791110515594,
        0.05247700214385986,
        0.051600512117147446,
        0.0554019957780838,
        0.05224404111504555,
        0.043041858822107315,
        0.051792822778224945,
        0.04930547997355461,
        -0.053332265466451645,
        0.05001477524638176,
        -0.04803670570254326,
        0.05166544020175934,
        -0.047193389385938644,
        -0.052469901740550995,
        -0.055969253182411194,
        0.04702320694923401,
        -0.07105258107185364,
        0.07421848177909851,
        -0.04502152279019356,
        -0.051115233451128006,
        -0.0537879504263401,
        -0.047068968415260315,
        -0.05112075433135033,
        0.049895524978637695
    ],
    "user_mf_embedding": [
        2.2613783675490273e-12,
        -3.237935483293595e-15,
        -1.0391562149615272e-13,
        -1.5669669050528372e-18,
        9.346968868281802e-17,
        -2.0321524779602542e-17,
        4.816927293236489e-15,
        1.4004472596504652e-14,
        -1.7891118850364793e-15,
        2.5458778016513098e-14,
        3.3505529737889173e-17,
        -8.46457452741145e-13,
        -2.9114412974668574e-14,
        5.699787023654215e-14,
        1.5214411092537663e-15,
        -6.390061023316173e-15,
        2.278143816034908e-16,
        9.310446395782972e-15,
        -3.038258900923182e-15,
        -1.176051354791327e-15,
        -8.444271757529487e-13,
        -4.13526071024739e-12,
        1.592370483586539e-15,
        8.1448667255124e-12,
        6.194809208713318e-17,
        -1.6048355263174516e-15,
        8.003766920061661e-12,
        1.254037572365912e-15,
        3.721721146326615e-14,
        -3.8845877255702974e-17,
        -6.831070580188696e-17,
        4.706337401093547e-15
    ],
    "item_mf_embedding": [
        2.8699436924184418e-11,
        1.797729445775914e-13,
        2.6661435646030407e-12,
        -3.4750201330294785e-19,
        -2.2532103424412935e-15,
        -3.1945519380428876e-16,
        1.4076212051972355e-14,
        -2.060070050744628e-13,
        -8.610856981876996e-14,
        5.012559377987058e-13,
        2.9593787988914475e-16,
        6.6748611846079164e-12,
        -7.754837353865507e-14,
        -3.9792146899579606e-13,
        -1.7244582498077143e-13,
        2.8504146064962585e-14,
        -1.4085197589235065e-15,
        -2.8625220954443115e-14,
        -3.1994643479721363e-13,
        4.996677442463404e-13,
        -1.8195342801896608e-11,
        3.074796344729354e-14,
        -1.3803843525585051e-14,
        -4.362959438175551e-10,
        4.802215601492103e-15,
        1.7890072036755995e-17,
        -4.0871170337020146e-10,
        -2.3330401060497538e-14,
        1.110440068347561e-13,
        -4.9661792419272016e-14,
        2.656969772573737e-16,
        -1.7370699605286088e-13
    ],
    "mf_product": [
        6.490028718101648e-23,
        -5.82093210836344e-28,
        -2.7705396497802166e-25,
        5.445241354894325e-37,
        -2.1060685761789973e-31,
        6.491816693261843e-33,
        6.780409101057151e-29,
        -2.8850193677537633e-27,
        1.540578686646436e-28,
        1.2761363574789442e-26,
        9.915555661995084e-33,
        -5.6499858862611725e-24,
        2.257775377524934e-27,
        -2.268067701222135e-26,
        -2.623661622429677e-28,
        -1.8214323559821871e-28,
        -3.2088106412334128e-31,
        -2.665135801558327e-28,
        9.72080109730911e-28,
        -5.876349298065724e-28,
        1.5364642273267836e-23,
        -1.271508440267219e-25,
        -2.198083255291873e-29,
        -3.553572354392425e-21,
        2.974880917750283e-31,
        -2.871062373405292e-32,
        -3.2712331546669156e-21,
        -2.925719900823753e-29,
        4.132748297071595e-27,
        1.9291558770440845e-30,
        -1.8149948690802903e-32,
        -8.175237502113493e-28
    ],
    "mlp_output": [
        2.043400287628174,
        1.8408589363098145,
        2.1970553398132324,
        1.691929817199707,
        0.0,
        0.0,
        0.0,
        0.37046051025390625,
        0.0,
        1.315780758857727,
        0.0,
        0.0,
        0.0,
        0.0,
        0.0,
        1.8201466798782349
    ],
    "final_vector": [
        2.043400287628174,
        1.8408589363098145,
        2.1970553398132324,
        1.691929817199707,
        0.0,
        0.0,
        0.0,
        0.37046051025390625,
        0.0,
        1.315780758857727,
        0.0,
        0.0,
        0.0,
        0.0,
        0.0,
        1.8201466798782349,
        6.490028718101648e-23,
        -5.82093210836344e-28,
        -2.7705396497802166e-25,
        5.445241354894325e-37,
        -2.1060685761789973e-31,
        6.491816693261843e-33,
        6.780409101057151e-29,
        -2.8850193677537633e-27,
        1.540578686646436e-28,
        1.2761363574789442e-26,
        9.915555661995084e-33,
        -5.6499858862611725e-24,
        2.257775377524934e-27,
        -2.268067701222135e-26,
        -2.623661622429677e-28,
        -1.8214323559821871e-28,
        -3.2088106412334128e-31,
        -2.665135801558327e-28,
        9.72080109730911e-28,
        -5.876349298065724e-28,
        1.5364642273267836e-23,
        -1.271508440267219e-25,
        -2.198083255291873e-29,
        -3.553572354392425e-21,
        2.974880917750283e-31,
        -2.871062373405292e-32,
        -3.2712331546669156e-21,
        -2.925719900823753e-29,
        4.132748297071595e-27,
        1.9291558770440845e-30,
        -1.8149948690802903e-32,
        -8.175237502113493e-28
    ],