{
    "user_id": 132,
    "item_id": 5646,
    "user_mlp_embedding": [
        0.04946896806359291,
        0.03496871143579483,
        0.053754664957523346,
        0.04400378465652466,
        0.04132179915904999,
        -0.04658142104744911,
        -0.04375358298420906,
        -0.03776136413216591,
        0.03766103833913803,
        0.04068824648857117,
        0.03322051092982292,
        0.03339235857129097,
        0.034095462411642075,
        -0.05015651881694794,
        0.0381045900285244,
        0.04460744187235832,
        -0.05330102518200874,
        -0.04448879510164261,
        -0.09054407477378845,
        0.04057968780398369,
        -0.041647229343652725,
        0.03665218502283096,
        0.027835464105010033,
        -0.027474738657474518,
        -0.05081246420741081,
        0.05445437505841255,
        0.05083519592881203,
        0.04389399662613869,
        0.04301708564162254,
        0.032466769218444824,
        0.030669840052723885,
        0.014369972981512547
    ],
    "item_mlp_embedding": [
        0.06812097877264023,
        0.061832576990127563,
        0.05656526982784271,
        0.06199685111641884,
        -0.06355683505535126,
        0.05815945565700531,
        -0.0677536353468895,
        0.06331348419189453,
        0.0626167431473732,
        0.09017781168222427,
        0.06284236162900925,
        0.05061913654208183,
        0.06201880797743797,
        0.06348308175802231,
        0.06184999644756317,
        0.060587845742702484,
        -0.06912772357463837,
        0.05847485363483429,
        -0.062041986733675,
        0.055844828486442566,
        -0.05557858571410179,
        -0.0595991387963295,
        -0.07163391262292862,
        0.059261951595544815,
        -0.06305303424596786,
        0.07584540545940399,
        -0.06119856238365173,
        -0.06491192430257797,
        -0.0637630894780159,
        -0.05534058064222336,
        -0.06464344263076782,
        0.05454300716519356
    ],
    "user_mf_embedding": [
        2.2613783675490273e-12,
        -3.237935483293595e-15,
        -1.0391562149615272e-13,
        -1.5669669050528372e-18,
        9.346968868281802e-17,
        -2.0321524779602542e-17,
        4.816927293236489e-15,
        1.4004472596504652e-14,
        -1.7891118850364793e-15,
        2.5458778016513098e-14,
        3.3505529737889173e-17,
        -8.46457452741145e-13,
        -2.9114412974668574e-14,
        5.699787023654215e-14,
        1.5214411092537663e-15,
        -6.390061023316173e-15,
        2.278143816034908e-16,
        9.310446395782972e-15,
        -3.038258900923182e-15,
        -1.176051354791327e-15,
        -8.444271757529487e-13,
        -4.13526071024739e-12,
        1.592370483586539e-15,
        8.1448667255124e-12,
        6.194809208713318e-17,
        -1.6048355263174516e-15,
        8.003766920061661e-12,
        1.254037572365912e-15,
        3.721721146326615e-14,
        -3.8845877255702974e-17,
        -6.831070580188696e-17,
        4.706337401093547e-15
    ],
    "item_mf_embedding": [
        1.2334276395381538e-12,
        1.7239386289758917e-16,
        -3.972912324373256e-15,
        -2.646640801352012e-17,
        -1.0811055259094611e-15,
        6.4575257417271e-17,
        -1.7895275002808954e-17,
        1.902963734940616e-13,
        6.194472018661301e-13,
        6.122327672974481e-16,
        1.4834897980520374e-15,
        2.4828392380243924e-14,
        3.0277782975690083e-16,
        -4.85236681293643e-14,
        8.555936720829743e-14,
        7.276937129859894e-15,
        7.590615611903468e-17,
        3.774542290323982e-15,
        -3.6681009114468074e-14,
        -2.8891351506690364e-16,
        9.594450613766708e-14,
        -3.000547808265294e-14,
        -1.8327189675759232e-16,
        -2.4828300873580567e-11,
        8.848698031290315e-16,
        -2.4142699515925545e-16,
        -1.410761438225272e-11,
        1.8550112600911007e-15,
        6.91537688115966e-15,
        -9.085060245881023e-15,
        1.4980015900208717e-16,
        -2.095585430715325e-14
    ],
    "mf_product": [
        2.7892465000714013e-24,
        -5.582001845077449e-31,
        4.128476391861949e-28,
        4.147198597026874e-35,
        -1.010505960421664e-31,
        -1.3122677103152686e-33,
        -8.620024089233846e-32,
        2.6650003605349878e-27,
        -1.1082603049825992e-27,
        1.5586698493937267e-29,
        4.970511447021221e-32,
        -2.1016177420717105e-26,
        -8.815198774895507e-30,
        -2.765745755925884e-27,
        1.3017353271876036e-28,
        -4.650007086519522e-29,
        1.7292513723954356e-32,
        3.514267239941479e-29,
        1.1144640382970865e-28,
        3.3977713581280955e-31,
        -8.101814735583234e-26,
        1.2408047412408529e-25,
        -2.9183676162412807e-31,
        -2.0222320563240906e-22,
        5.481599346090665e-32,
        3.8745062576408034e-31,
        -1.129140537418037e-22,
        2.3262538554750244e-30,
        2.5737104626508064e-28,
        3.529171408047193e-31,
        -1.0232954565080456e-32,
        -9.862531967105269e-29
    ],
    "mlp_output": [
        2.341628313064575,
        2.12868595123291,
        2.521577835083008,
        1.949976921081543,
        0.0,
        0.0,
        0.0,
        0.4410945773124695,
        0.0,
        1.5168882608413696,
        0.0,
        0.0,
        0.0,
        0.0,
        0.0,
        2.085639476776123
    ],
    "final_vector": [
        2.341628313064575,
        2.12868595123291,
        2.521577835083008,
        1.949976921081543,
        0.0,
        0.0,
        0.0,
        0.4410945773124695,
        0.0,
        1.5168882608413696,
        0.0,
        0.0,
        0.0,
        0.0,
        0.0,
        2.085639476776123,
        2.7892465000714013e-24,
        -5.582001845077449e-31,
        4.128476391861949e-28,
        4.147198597026874e-35,
        -1.010505960421664e-31,
        -1.3122677103152686e-33,
        -8.620024089233846e-32,
        2.6650003605349878e-27,
        -1.1082603049825992e-27,
        1.5586698493937267e-29,
        4.970511447021221e-32,
        -2.1016177420717105e-26,
        -8.815198774895507e-30,
        -2.765745755925884e-27,
        1.3017353271876036e-28,
        -4.650007086519522e-29,
        1.7292513723954356e-32,
        3.514267239941479e-29,
        1.1144640382970865e-28,
        3.3977713581280955e-31,
        -8.101814735583234e-26,
        1.2408047412408529e-25,
        -2.9183676162412807e-31,
        -2.0222320563240906e-22,
        5.481599346090665e-32,
        3.8745062576408034e-31,
        -1.129140537418037e-22,
        2.3262538554750244e-30,
        2.5737104626508064e-28,
        3.529171408047193e-31,
        -1.0232954565080456e-32,
        -9.862531967105269e-29
    ],