{
    "user_id": 132,
    "item_id": 1395,
    "user_mlp_embedding": [
        0.04946896806359291,
        0.03496871143579483,
        0.053754664957523346,
        0.04400378465652466,
        0.04132179915904999,
        -0.04658142104744911,
        -0.04375358298420906,
        -0.03776136413216591,
        0.03766103833913803,
        0.04068824648857117,
        0.03322051092982292,
        0.03339235857129097,
        0.034095462411642075,
        -0.05015651881694794,
        0.0381045900285244,
        0.04460744187235832,
        -0.05330102518200874,
        -0.04448879510164261,
        -0.09054407477378845,
        0.04057968780398369,
        -0.041647229343652725,
        0.03665218502283096,
        0.027835464105010033,
        -0.027474738657474518,
        -0.05081246420741081,
        0.05445437505841255,
        0.05083519592881203,
        0.04389399662613869,
        0.04301708564162254,
        0.032466769218444824,
        0.030669840052723885,
        0.014369972981512547
    ],
    "item_mlp_embedding": [
        0.07536696642637253,
        0.07286343723535538,
        0.0738125890493393,
        0.07304093986749649,
        -0.07920008152723312,
        0.08091925829648972,
        -0.0714646428823471,
        0.0748944953083992,
        0.07439959049224854,
        0.07651044428348541,
        0.08194940537214279,
        0.09905674308538437,
        0.07569058239459991,
        0.05978325754404068,
        0.0840897336602211,
        0.06161122024059296,
        -0.07943017780780792,
        0.06574585288763046,
        -0.06280583143234253,
        0.049464549869298935,
        -0.06414173543453217,
        -0.07536649703979492,
        -0.07942768931388855,
        0.07492082566022873,
        -0.07051976770162582,
        0.07764969021081924,
        -0.04859388619661331,
        -0.07122301310300827,
        -0.07023373991250992,
        -0.06491608917713165,
        -0.08710897713899612,
        0.08610126376152039
    ],
    "user_mf_embedding": [
        2.2613783675490273e-12,
        -3.237935483293595e-15,
        -1.0391562149615272e-13,
        -1.5669669050528372e-18,
        9.346968868281802e-17,
        -2.0321524779602542e-17,
        4.816927293236489e-15,
        1.4004472596504652e-14,
        -1.7891118850364793e-15,
        2.5458778016513098e-14,
        3.3505529737889173e-17,
        -8.46457452741145e-13,
        -2.9114412974668574e-14,
        5.699787023654215e-14,
        1.5214411092537663e-15,
        -6.390061023316173e-15,
        2.278143816034908e-16,
        9.310446395782972e-15,
        -3.038258900923182e-15,
        -1.176051354791327e-15,
        -8.444271757529487e-13,
        -4.13526071024739e-12,
        1.592370483586539e-15,
        8.1448667255124e-12,
        6.194809208713318e-17,
        -1.6048355263174516e-15,
        8.003766920061661e-12,
        1.254037572365912e-15,
        3.721721146326615e-14,
        -3.8845877255702974e-17,
        -6.831070580188696e-17,
        4.706337401093547e-15
    ],
    "item_mf_embedding": [
        1.583247313634295e-12,
        -9.216473172482791e-15,
        1.2524291499727003e-13,
        -9.242851024194293e-19,
        8.276711637434961e-17,
        1.2045283311627756e-17,
        -1.966991556816961e-15,
        7.690297678449465e-15,
        -9.707223230405386e-17,
        -2.8890133896828686e-15,
        -6.952404244852057e-18,
        1.6390860023418607e-14,
        -1.5501745844070003e-15,
        -2.981724110375167e-15,
        -1.5264056752367422e-15,
        3.278911295040085e-14,
        1.1685727751685656e-17,
        1.5795384638312283e-15,
        -1.2401068449988941e-15,
        1.084105475071897e-17,
        -6.769475117181928e-14,
        -2.4407713466990076e-14,
        -3.342391215772081e-16,
        1.2404648705791055e-12,
        -1.6803562692105958e-16,
        -2.544838756922825e-16,
        3.8414093412285355e-13,
        1.9232886801451386e-15,
        -5.470371876835356e-14,
        -1.3641110539319018e-13,
        1.5237365685408255e-16,
        2.7586778889900077e-15
    ],
    "mf_product": [
        3.580321343422916e-24,
        2.984234467359098e-29,
        -1.3014695007070295e-26,
        1.4483241574424219e-36,
        7.736216318877426e-33,
        -2.447785151305021e-34,
        -9.474855359605209e-30,
        1.076985682320554e-28,
        1.7367308372382064e-31,
        -7.355075300100706e-29,
        -2.329439961648583e-34,
        -1.387416512628441e-26,
        4.513242287270277e-29,
        -1.6995191849431522e-28,
        -2.3223363559817e-30,
        -2.095244223588151e-28,
        2.6621767701247822e-33,
        1.4706208462346494e-29,
        3.767765587153934e-30,
        -1.2749636542313125e-32,
        5.71632894047884e-26,
        1.0093225681782053e-25,
        -5.322325268828259e-31,
        1.0103421240595873e-23,
        -1.0409486633267101e-32,
        4.084047764728553e-31,
        3.0745745312614467e-24,
        2.4118762997516314e-30,
        -2.035919803511191e-27,
        5.2990089152017324e-30,
        -1.0408751949297837e-32,
        1.2983268524832135e-29
    ],
    "mlp_output": [
        2.6931955814361572,
        2.4624321460723877,
        2.9004769325256348,
        2.250265598297119,
        0.0,
        0.0,
        0.0,
        0.5226240158081055,
        0.0,
        1.7510918378829956,
        0.0,
        0.0,
        0.0,
        0.0,
        0.0,
        2.394928455352783
    ],
    "final_vector": [
        2.6931955814361572,
        2.4624321460723877,
        2.9004769325256348,
        2.250265598297119,
        0.0,
        0.0,
        0.0,
        0.5226240158081055,
        0.0,
        1.7510918378829956,
        0.0,
        0.0,
        0.0,
        0.0,
        0.0,
        2.394928455352783,
        3.580321343422916e-24,
        2.984234467359098e-29,
        -1.3014695007070295e-26,
        1.4483241574424219e-36,
        7.736216318877426e-33,
        -2.447785151305021e-34,
        -9.474855359605209e-30,
        1.076985682320554e-28,
        1.7367308372382064e-31,
        -7.355075300100706e-29,
        -2.329439961648583e-34,
        -1.387416512628441e-26,
        4.513242287270277e-29,
        -1.6995191849431522e-28,
        -2.3223363559817e-30,
        -2.095244223588151e-28,
        2.6621767701247822e-33,
        1.4706208462346494e-29,
        3.767765587153934e-30,
        -1.2749636542313125e-32,
        5.71632894047884e-26,
        1.0093225681782053e-25,
        -5.322325268828259e-31,
        1.0103421240595873e-23,
        -1.0409486633267101e-32,
        4.084047764728553e-31,
        3.0745745312614467e-24,
        2.4118762997516314e-30,
        -2.035919803511191e-27,
        5.2990089152017324e-30,
        -1.0408751949297837e-32,
        1.2983268524832135e-29
    ],