{
    "user_id": 52,
    "item_id": 5670,
    "user_mlp_embedding": [
        -0.1587020754814148,
        -0.1401839554309845,
        -0.13030976057052612,
        -0.1428990513086319,
        -0.13083915412425995,
        0.12442360818386078,
        0.11300162225961685,
        0.12194345891475677,
        -0.15659606456756592,
        -0.1123092845082283,
        -0.12256067246198654,
        -0.12778887152671814,
        -0.09987913817167282,
        0.12722674012184143,
        -0.11030752211809158,
        -0.10948674380779266,
        0.15738900005817413,
        0.1336628943681717,
        0.1304577738046646,
        -0.11970628798007965,
        0.10050737857818604,
        -0.12624943256378174,
        -0.10625367611646652,
        0.12018991261720657,
        0.1385887712240219,
        -0.11919144541025162,
        -0.10406046360731125,
        -0.13525798916816711,
        -0.11684691905975342,
        -0.12358804047107697,
        -0.07653270661830902,
        -0.11939406394958496
    ],
    "item_mlp_embedding": [
        0.04414990171790123,
        0.03695228323340416,
        0.04217904806137085,
        0.032965466380119324,
        -0.04089176282286644,
        0.04310617223381996,
        -0.03681567683815956,
        0.044597674161195755,
        0.0375780388712883,
        0.043682266026735306,
        0.04290064796805382,
        0.04615570977330208,
        0.04641537368297577,
        0.0422712005674839,
        0.03917424753308296,
        0.0409063994884491,
        -0.060089386999607086,
        0.0338439866900444,
        -0.04130032658576965,
        0.03980175033211708,
        -0.03225112333893776,
        -0.03786486014723778,
        -0.03612372279167175,
        0.04260166361927986,
        -0.040664367377758026,
        0.04277138039469719,
        -0.037753619253635406,
        -0.04412350431084633,
        -0.039066556841135025,
        -0.03398316353559494,
        -0.04498419165611267,
        0.043063949793577194
    ],
    "user_mf_embedding": [
        5.516693330452627e-13,
        3.238065344032321e-16,
        -1.473441425022936e-14,
        -1.0562950838514354e-16,
        4.612739929549702e-17,
        -2.3559820245281276e-18,
        3.690724483841612e-14,
        5.825068342278281e-16,
        -6.108902730156093e-16,
        -4.6294700081631664e-15,
        2.2472261787460337e-18,
        -3.5472205007309673e-14,
        6.642655142033351e-15,
        2.716452618943023e-14,
        6.975815223045096e-15,
        -8.037197851475537e-17,
        -5.642550344548414e-17,
        -1.8324412995879014e-17,
        7.753489724446425e-15,
        9.1069003750036e-18,
        -2.491477889884214e-13,
        2.4402773638604325e-12,
        -1.3520110940479587e-16,
        5.079559169118841e-12,
        4.381390416236176e-17,
        -5.601857028877746e-17,
        2.647690226786903e-12,
        -1.190172135175885e-15,
        -1.2154643272226616e-14,
        -9.473048398991624e-17,
        1.9920167647405075e-18,
        1.271422627146775e-14
    ],
    "item_mf_embedding": [
        4.370391581184213e-13,
        -7.193542448098413e-17,
        1.1202999214887568e-14,
        4.3300201220523716e-19,
        -5.717571242049727e-18,
        3.8387554345388573e-16,
        7.185336551724091e-16,
        -8.55438902222852e-14,
        -7.405820477267983e-14,
        -1.2101131457564057e-13,
        2.7227760269437197e-16,
        -1.0923321980011585e-13,
        1.0029994531728396e-15,
        1.069823686561909e-13,
        -8.345298092165849e-15,
        1.5625439124148733e-15,
        -1.2028994140133117e-16,
        -1.5125984823311254e-16,
        5.853803193860054e-15,
        4.853877967359935e-17,
        -3.016105389462456e-15,
        1.588926977018595e-15,
        1.3451964492895019e-16,
        7.761313813858806e-10,
        -5.600601037835645e-17,
        2.953416613385063e-17,
        2.253691374146105e-12,
        -2.8621343872885295e-16,
        2.1968192510327805e-14,
        -3.1997330268230054e-15,
        -2.1707282592711398e-16,
        -3.828768069057782e-15
    ],
    "mf_product": [
        2.41101111532605e-25,
        -2.3293161122984645e-32,
        -1.6506962589998282e-28,
        -4.573779068455551e-35,
        -2.637366905742472e-34,
        -9.04403864016567e-34,
        2.651909838777112e-29,
        -4.9829901424012454e-29,
        4.5241436526086165e-29,
        5.602182577867507e-28,
        6.118693755982229e-34,
        3.874743018001703e-27,
        6.662579352890048e-30,
        2.9061254414213086e-27,
        -5.821525896639419e-29,
        -1.2558475006120115e-31,
        6.787420461715032e-33,
        2.7717479046427893e-33,
        4.538740396027749e-29,
        4.4203780888225745e-34,
        7.51455975323609e-28,
        3.8774223717403346e-27,
        -1.8187204514884276e-32,
        3.942405403429168e-21,
        -2.4538418859476327e-33,
        -1.6544618300213137e-33,
        5.967076810154263e-24,
        3.4064326356038243e-31,
        -2.670155497217129e-28,
        3.0311226800642456e-31,
        -4.324127142009307e-34,
        -4.8679823329925e-29
    ],
    "mlp_output": [
        6.2541279792785645,
        5.802039623260498,
        6.768396854400635,
        5.274649143218994,
        0.0,
        0.0,
        0.0,
        1.3499131202697754,
        0.0,
        4.141292095184326,
        0.0,
        0.0,
        0.0,
        0.0,
        0.0,
        5.522418022155762
    ],
    "final_vector": [
        6.2541279792785645,
        5.802039623260498,
        6.768396854400635,
        5.274649143218994,
        0.0,
        0.0,
        0.0,
        1.3499131202697754,
        0.0,
        4.141292095184326,
        0.0,
        0.0,
        0.0,
        0.0,
        0.0,
        5.522418022155762,
        2.41101111532605e-25,
        -2.3293161122984645e-32,
        -1.6506962589998282e-28,
        -4.573779068455551e-35,
        -2.637366905742472e-34,
        -9.04403864016567e-34,
        2.651909838777112e-29,
        -4.9829901424012454e-29,
        4.5241436526086165e-29,
        5.602182577867507e-28,
        6.118693755982229e-34,
        3.874743018001703e-27,
        6.662579352890048e-30,
        2.9061254414213086e-27,
        -5.821525896639419e-29,
        -1.2558475006120115e-31,
        6.787420461715032e-33,
        2.7717479046427893e-33,
        4.538740396027749e-29,
        4.4203780888225745e-34,
        7.51455975323609e-28,
        3.8774223717403346e-27,
        -1.8187204514884276e-32,
        3.942405403429168e-21,
        -2.4538418859476327e-33,
        -1.6544618300213137e-33,
        5.967076810154263e-24,
        3.4064326356038243e-31,
        -2.670155497217129e-28,
        3.0311226800642456e-31,
        -4.324127142009307e-34,
        -4.8679823329925e-29
    ],