{
    "user_id": 52,
    "item_id": 281,
    "user_mlp_embedding": [
        -0.1587020754814148,
        -0.1401839554309845,
        -0.13030976057052612,
        -0.1428990513086319,
        -0.13083915412425995,
        0.12442360818386078,
        0.11300162225961685,
        0.12194345891475677,
        -0.15659606456756592,
        -0.1123092845082283,
        -0.12256067246198654,
        -0.12778887152671814,
        -0.09987913817167282,
        0.12722674012184143,
        -0.11030752211809158,
        -0.10948674380779266,
        0.15738900005817413,
        0.1336628943681717,
        0.1304577738046646,
        -0.11970628798007965,
        0.10050737857818604,
        -0.12624943256378174,
        -0.10625367611646652,
        0.12018991261720657,
        0.1385887712240219,
        -0.11919144541025162,
        -0.10406046360731125,
        -0.13525798916816711,
        -0.11684691905975342,
        -0.12358804047107697,
        -0.07653270661830902,
        -0.11939406394958496
    ],
    "item_mlp_embedding": [
        0.04636703431606293,
        0.046594537794589996,
        0.04626358300447464,
        0.04834528639912605,
        -0.047873977571725845,
        0.021680554375052452,
        -0.04727937653660774,
        0.048302873969078064,
        0.048695314675569534,
        0.04741843417286873,
        0.04673449322581291,
        0.05091545730829239,
        0.04735395684838295,
        0.03979377821087837,
        0.0464392714202404,
        0.0451798178255558,
        -0.04617134481668472,
        0.043829064816236496,
        -0.042643800377845764,
        0.046686798334121704,
        -0.04295346885919571,
        -0.047408442944288254,
        -0.04931309446692467,
        0.04790300875902176,
        -0.0466630794107914,
        0.04835228621959686,
        -0.04874986782670021,
        -0.04579661414027214,
        -0.04491342976689339,
        -0.04350345954298973,
        -0.04453853890299797,
        0.04518485069274902
    ],
    "user_mf_embedding": [
        5.516693330452627e-13,
        3.238065344032321e-16,
        -1.473441425022936e-14,
        -1.0562950838514354e-16,
        4.612739929549702e-17,
        -2.3559820245281276e-18,
        3.690724483841612e-14,
        5.825068342278281e-16,
        -6.108902730156093e-16,
        -4.6294700081631664e-15,
        2.2472261787460337e-18,
        -3.5472205007309673e-14,
        6.642655142033351e-15,
        2.716452618943023e-14,
        6.975815223045096e-15,
        -8.037197851475537e-17,
        -5.642550344548414e-17,
        -1.8324412995879014e-17,
        7.753489724446425e-15,
        9.1069003750036e-18,
        -2.491477889884214e-13,
        2.4402773638604325e-12,
        -1.3520110940479587e-16,
        5.079559169118841e-12,
        4.381390416236176e-17,
        -5.601857028877746e-17,
        2.647690226786903e-12,
        -1.190172135175885e-15,
        -1.2154643272226616e-14,
        -9.473048398991624e-17,
        1.9920167647405075e-18,
        1.271422627146775e-14
    ],
    "item_mf_embedding": [
        -1.894250611944072e-14,
        1.1920465132090404e-15,
        6.153616540650463e-16,
        6.439648890104484e-20,
        -1.194140679748396e-17,
        6.56021640974474e-19,
        3.2838426668441056e-19,
        -2.0397831860238314e-16,
        -1.3205606779983453e-17,
        -3.4362723771788075e-17,
        -7.513502516139067e-20,
        -4.310696781760536e-16,
        1.0794649713213953e-14,
        8.409925435491931e-17,
        -2.561205815743942e-16,
        3.526615389320624e-17,
        5.601629885081539e-19,
        -1.1971538505657429e-17,
        1.4389823194896622e-16,
        -1.0079325010929354e-20,
        -1.604188154917733e-16,
        -1.165231106048381e-13,
        3.9863398082904864e-16,
        1.6597808468344494e-13,
        7.72062401787837e-20,
        1.3372594488182416e-14,
        4.1653278862099213e-14,
        -3.670545014428198e-16,
        -1.568793956774426e-16,
        4.690123585752711e-18,
        -1.1771472880392597e-19,
        1.476839063267861e-18
    ],
    "mf_product": [
        -1.0449999581747922e-26,
        3.859924485317723e-31,
        -9.066993802581755e-30,
        -6.802169822109575e-36,
        -5.508260457955177e-34,
        -1.545575257380683e-36,
        1.2119758180000572e-32,
        -1.1881876914707718e-31,
        8.06717675335144e-33,
        1.5908120214932325e-31,
        -1.6884540029846615e-37,
        1.5290991511202605e-29,
        7.170513433530077e-29,
        2.284516470936084e-30,
        -1.786649850537966e-30,
        -2.8344105697492484e-33,
        -3.160747902031737e-35,
        2.1937142155780244e-34,
        1.1157135041564173e-30,
        -9.179141130830355e-38,
        3.996799357857979e-29,
        -2.843487096800201e-25,
        -5.389575770836542e-32,
        8.43095486885409e-25,
        3.382706691118576e-36,
        -7.491136326180136e-31,
        1.1028497322119338e-25,
        4.3685804041247505e-31,
        1.906813020819135e-30,
        -4.442976967717133e-34,
        -2.3448972011682165e-37,
        1.8776866276719322e-32
    ],
    "mlp_output": [
        6.3954386711120605,
        5.934788227081299,
        6.922183513641357,
        5.394754886627197,
        0.0,
        0.0,
        0.0,
        1.3829267024993896,
        0.0,
        4.23635721206665,
        0.0,
        0.0,
        0.0,
        0.0,
        0.0,
        5.6467485427856445
    ],
    "final_vector": [
        6.3954386711120605,
        5.934788227081299,
        6.922183513641357,
        5.394754886627197,
        0.0,
        0.0,
        0.0,
        1.3829267024993896,
        0.0,
        4.23635721206665,
        0.0,
        0.0,
        0.0,
        0.0,
        0.0,
        5.6467485427856445,
        -1.0449999581747922e-26,
        3.859924485317723e-31,
        -9.066993802581755e-30,
        -6.802169822109575e-36,
        -5.508260457955177e-34,
        -1.545575257380683e-36,
        1.2119758180000572e-32,
        -1.1881876914707718e-31,
        8.06717675335144e-33,
        1.5908120214932325e-31,
        -1.6884540029846615e-37,
        1.5290991511202605e-29,
        7.170513433530077e-29,
        2.284516470936084e-30,
        -1.786649850537966e-30,
        -2.8344105697492484e-33,
        -3.160747902031737e-35,
        2.1937142155780244e-34,
        1.1157135041564173e-30,
        -9.179141130830355e-38,
        3.996799357857979e-29,
        -2.843487096800201e-25,
        -5.389575770836542e-32,
        8.43095486885409e-25,
        3.382706691118576e-36,
        -7.491136326180136e-31,
        1.1028497322119338e-25,
        4.3685804041247505e-31,
        1.906813020819135e-30,
        -4.442976967717133e-34,
        -2.3448972011682165e-37,
        1.8776866276719322e-32
    ],