{
    "user_id": 52,
    "item_id": 6542,
    "user_mlp_embedding": [
        -0.1587020754814148,
        -0.1401839554309845,
        -0.13030976057052612,
        -0.1428990513086319,
        -0.13083915412425995,
        0.12442360818386078,
        0.11300162225961685,
        0.12194345891475677,
        -0.15659606456756592,
        -0.1123092845082283,
        -0.12256067246198654,
        -0.12778887152671814,
        -0.09987913817167282,
        0.12722674012184143,
        -0.11030752211809158,
        -0.10948674380779266,
        0.15738900005817413,
        0.1336628943681717,
        0.1304577738046646,
        -0.11970628798007965,
        0.10050737857818604,
        -0.12624943256378174,
        -0.10625367611646652,
        0.12018991261720657,
        0.1385887712240219,
        -0.11919144541025162,
        -0.10406046360731125,
        -0.13525798916816711,
        -0.11684691905975342,
        -0.12358804047107697,
        -0.07653270661830902,
        -0.11939406394958496
    ],
    "item_mlp_embedding": [
        0.0523853674530983,
        0.04669342190027237,
        0.0520913228392601,
        0.03432133421301842,
        -0.05267610773444176,
        0.05520331487059593,
        -0.0469321645796299,
        0.05211002379655838,
        0.05298873037099838,
        0.05319519713521004,
        0.05081822723150253,
        0.06001405045390129,
        0.05531935766339302,
        0.04214678704738617,
        0.048507556319236755,
        0.05013484135270119,
        -0.050433434545993805,
        0.045467622578144073,
        -0.04719383642077446,
        0.051537659019231796,
        -0.044327303767204285,
        -0.052859965711832047,
        -0.05452921241521835,
        0.05211056396365166,
        -0.04964263364672661,
        0.053500913083553314,
        -0.04787267744541168,
        -0.05831068009138107,
        -0.050620730966329575,
        -0.045715343207120895,
        -0.0499865785241127,
        0.04913046956062317
    ],
    "user_mf_embedding": [
        5.516693330452627e-13,
        3.238065344032321e-16,
        -1.473441425022936e-14,
        -1.0562950838514354e-16,
        4.612739929549702e-17,
        -2.3559820245281276e-18,
        3.690724483841612e-14,
        5.825068342278281e-16,
        -6.108902730156093e-16,
        -4.6294700081631664e-15,
        2.2472261787460337e-18,
        -3.5472205007309673e-14,
        6.642655142033351e-15,
        2.716452618943023e-14,
        6.975815223045096e-15,
        -8.037197851475537e-17,
        -5.642550344548414e-17,
        -1.8324412995879014e-17,
        7.753489724446425e-15,
        9.1069003750036e-18,
        -2.491477889884214e-13,
        2.4402773638604325e-12,
        -1.3520110940479587e-16,
        5.079559169118841e-12,
        4.381390416236176e-17,
        -5.601857028877746e-17,
        2.647690226786903e-12,
        -1.190172135175885e-15,
        -1.2154643272226616e-14,
        -9.473048398991624e-17,
        1.9920167647405075e-18,
        1.271422627146775e-14
    ],
    "item_mf_embedding": [
        -8.776732629783932e-15,
        -6.021776424893148e-18,
        -5.72831018730291e-12,
        -4.808826898786215e-19,
        -1.1968002103397973e-14,
        -8.020843663584751e-18,
        -3.884137765786848e-15,
        -6.390090245952853e-15,
        2.8157166810822976e-13,
        9.68492864031334e-13,
        -2.120499668720103e-17,
        -5.883868153984395e-13,
        -6.159053433380652e-16,
        -9.02818706567058e-15,
        -7.067112330451722e-14,
        2.2666054146427972e-13,
        1.8745123672868385e-16,
        3.124984910326655e-15,
        -4.611894286265877e-16,
        1.4513718265685783e-18,
        2.8386039178929234e-15,
        4.0963059610987784e-09,
        -1.5275421816937206e-15,
        -3.4659998395664138e-12,
        8.891380947944746e-17,
        -8.534252931489917e-16,
        -1.0069451782807048e-12,
        1.961932440781248e-15,
        4.535206676078551e-15,
        1.771017279226031e-13,
        -8.633460077250301e-17,
        -4.854626400378173e-16
    ],
    "mf_product": [
        -4.841854132179598e-27,
        -1.949890560018825e-33,
        8.440329741155543e-26,
        5.079540104671648e-35,
        -5.520528192506847e-31,
        1.889696278076693e-35,
        -1.433528278100102e-28,
        -3.722271134590669e-30,
        -1.720093894539041e-28,
        -4.483608821736217e-27,
        -4.765242302620539e-35,
        2.0871378303778295e-26,
        -4.091246962330729e-30,
        -2.452464265225637e-28,
        -4.929887138083075e-28,
        -1.821715618147289e-29,
        -1.0577030577773771e-32,
        -5.726351375864075e-32,
        -3.57582748412794e-30,
        1.3217498400879513e-35,
        -7.072319052721143e-28,
        9.99612308132745e-21,
        2.0652540017252265e-31,
        -1.760575192879004e-23,
        3.895661012338018e-33,
        4.7807663815209524e-32,
        -2.6660788859260765e-24,
        -2.3350373373434646e-30,
        -5.512381640497456e-29,
        -1.6776932227365193e-29,
        -1.7197997779252253e-34,
        -6.1722819757157446e-30
    ],
    "mlp_output": [
        6.536381244659424,
        6.066999435424805,
        7.075466632843018,
        5.514467716217041,
        0.0,
        0.0,
        0.0,
        1.4157869815826416,
        0.0,
        4.331078052520752,
        0.0,
        0.0,
        0.0,
        0.0,
        0.0,
        5.770601749420166
    ],
    "final_vector": [
        6.536381244659424,
        6.066999435424805,
        7.075466632843018,
        5.514467716217041,
        0.0,
        0.0,
        0.0,
        1.4157869815826416,
        0.0,
        4.331078052520752,
        0.0,
        0.0,
        0.0,
        0.0,
        0.0,
        5.770601749420166,
        -4.841854132179598e-27,
        -1.949890560018825e-33,
        8.440329741155543e-26,
        5.079540104671648e-35,
        -5.520528192506847e-31,
        1.889696278076693e-35,
        -1.433528278100102e-28,
        -3.722271134590669e-30,
        -1.720093894539041e-28,
        -4.483608821736217e-27,
        -4.765242302620539e-35,
        2.0871378303778295e-26,
        -4.091246962330729e-30,
        -2.452464265225637e-28,
        -4.929887138083075e-28,
        -1.821715618147289e-29,
        -1.0577030577773771e-32,
        -5.726351375864075e-32,
        -3.57582748412794e-30,
        1.3217498400879513e-35,
        -7.072319052721143e-28,
        9.99612308132745e-21,
        2.0652540017252265e-31,
        -1.760575192879004e-23,
        3.895661012338018e-33,
        4.7807663815209524e-32,
        -2.6660788859260765e-24,
        -2.3350373373434646e-30,
        -5.512381640497456e-29,
        -1.6776932227365193e-29,
        -1.7197997779252253e-34,
        -6.1722819757157446e-30
    ],