{
    "user_id": 52,
    "item_id": 8833,
    "user_mlp_embedding": [
        -0.1587020754814148,
        -0.1401839554309845,
        -0.13030976057052612,
        -0.1428990513086319,
        -0.13083915412425995,
        0.12442360818386078,
        0.11300162225961685,
        0.12194345891475677,
        -0.15659606456756592,
        -0.1123092845082283,
        -0.12256067246198654,
        -0.12778887152671814,
        -0.09987913817167282,
        0.12722674012184143,
        -0.11030752211809158,
        -0.10948674380779266,
        0.15738900005817413,
        0.1336628943681717,
        0.1304577738046646,
        -0.11970628798007965,
        0.10050737857818604,
        -0.12624943256378174,
        -0.10625367611646652,
        0.12018991261720657,
        0.1385887712240219,
        -0.11919144541025162,
        -0.10406046360731125,
        -0.13525798916816711,
        -0.11684691905975342,
        -0.12358804047107697,
        -0.07653270661830902,
        -0.11939406394958496
    ],
    "item_mlp_embedding": [
        0.05617067217826843,
        0.0545695424079895,
        0.03243677690625191,
        0.05470692366361618,
        -0.05629510059952736,
        0.05851072072982788,
        -0.05341333523392677,
        0.051172174513339996,
        0.054381560534238815,
        0.055330462753772736,
        0.05428164079785347,
        0.05824843794107437,
        0.07218773663043976,
        0.046301014721393585,
        0.056969840079545975,
        0.05294592306017876,
        -0.05336996912956238,
        0.04873521998524666,
        -0.051000311970710754,
        0.054349515587091446,
        -0.04807889461517334,
        -0.052691638469696045,
        -0.0570606030523777,
        0.05556509271264076,
        -0.05048791319131851,
        0.05430690571665764,
        -0.05147998034954071,
        -0.05351259186863899,
        -0.05407105013728142,
        -0.04870784655213356,
        -0.05308811739087105,
        0.05202791467308998
    ],
    "user_mf_embedding": [
        5.516693330452627e-13,
        3.238065344032321e-16,
        -1.473441425022936e-14,
        -1.0562950838514354e-16,
        4.612739929549702e-17,
        -2.3559820245281276e-18,
        3.690724483841612e-14,
        5.825068342278281e-16,
        -6.108902730156093e-16,
        -4.6294700081631664e-15,
        2.2472261787460337e-18,
        -3.5472205007309673e-14,
        6.642655142033351e-15,
        2.716452618943023e-14,
        6.975815223045096e-15,
        -8.037197851475537e-17,
        -5.642550344548414e-17,
        -1.8324412995879014e-17,
        7.753489724446425e-15,
        9.1069003750036e-18,
        -2.491477889884214e-13,
        2.4402773638604325e-12,
        -1.3520110940479587e-16,
        5.079559169118841e-12,
        4.381390416236176e-17,
        -5.601857028877746e-17,
        2.647690226786903e-12,
        -1.190172135175885e-15,
        -1.2154643272226616e-14,
        -9.473048398991624e-17,
        1.9920167647405075e-18,
        1.271422627146775e-14
    ],
    "item_mf_embedding": [
        -3.299189697478222e-12,
        4.027810647267175e-15,
        3.8680113799427485e-12,
        1.5902727601705494e-17,
        -1.229538626674239e-14,
        -7.137521806549382e-17,
        -1.1714061996388048e-16,
        1.7281002204303647e-13,
        2.1250147434347284e-14,
        -3.305703421500189e-13,
        -2.7636658476407065e-17,
        3.5502884540659224e-14,
        -1.1495839002950703e-12,
        -3.5429056725460066e-15,
        -1.3163362273024143e-13,
        2.790413841831374e-14,
        8.367091376395975e-17,
        -5.153529292629402e-15,
        -9.313241604508912e-15,
        6.454940967748994e-17,
        -6.038155679665216e-14,
        -1.7985958588370016e-14,
        -2.929449556738663e-14,
        -1.5361208399039539e-12,
        2.602359176184088e-16,
        4.2526294968527013e-16,
        -4.7490152408442496e-14,
        3.261646211888289e-16,
        7.53703299587443e-15,
        -9.29082657162572e-13,
        -6.170705827408013e-17,
        -4.959918313194277e-14
    ],
    "mf_product": [
        -1.8200618526781815e-24,
        1.3042313888192583e-30,
        -5.699288312330902e-26,
        -1.679797223030388e-33,
        -5.671542070966025e-31,
        1.6815872575626255e-34,
        -4.323337695431658e-30,
        1.0066301975605622e-28,
        -1.2981508104492343e-29,
        1.5303655042254747e-27,
        -6.210582057550511e-35,
        -1.2593655906348135e-27,
        -7.636289118336058e-27,
        -9.624135543764156e-29,
        -9.182518122327461e-28,
        -2.242710813685248e-30,
        -4.7211735933800626e-33,
        9.443540166589416e-32,
        -7.221012520378126e-29,
        5.878450261323001e-34,
        1.5043931833674462e-26,
        -4.389072624486025e-26,
        3.9606482234007e-30,
        -7.802816484462807e-24,
        1.1401951370878573e-32,
        -2.3822622880378204e-32,
        -1.2573921441468384e-25,
        -3.8819203356103097e-31,
        -9.160994531122097e-29,
        8.801245261985144e-29,
        -1.2292149018323468e-34,
        -6.306152342999818e-28
    ],
    "mlp_output": [
        6.627589702606201,
        6.152541637420654,
        7.174617290496826,
        5.59191370010376,
        0.0,
        0.0,
        0.0,
        1.4370466470718384,
        0.0,
        4.392378330230713,
        0.0,
        0.0,
        0.0,
        0.0,
        0.0,
        5.850745677947998
    ],
    "final_vector": [
        6.627589702606201,
        6.152541637420654,
        7.174617290496826,
        5.59191370010376,
        0.0,
        0.0,
        0.0,
        1.4370466470718384,
        0.0,
        4.392378330230713,
        0.0,
        0.0,
        0.0,
        0.0,
        0.0,
        5.850745677947998,
        -1.8200618526781815e-24,
        1.3042313888192583e-30,
        -5.699288312330902e-26,
        -1.679797223030388e-33,
        -5.671542070966025e-31,
        1.6815872575626255e-34,
        -4.323337695431658e-30,
        1.0066301975605622e-28,
        -1.2981508104492343e-29,
        1.5303655042254747e-27,
        -6.210582057550511e-35,
        -1.2593655906348135e-27,
        -7.636289118336058e-27,
        -9.624135543764156e-29,
        -9.182518122327461e-28,
        -2.242710813685248e-30,
        -4.7211735933800626e-33,
        9.443540166589416e-32,
        -7.221012520378126e-29,
        5.878450261323001e-34,
        1.5043931833674462e-26,
        -4.389072624486025e-26,
        3.9606482234007e-30,
        -7.802816484462807e-24,
        1.1401951370878573e-32,
        -2.3822622880378204e-32,
        -1.2573921441468384e-25,
        -3.8819203356103097e-31,
        -9.160994531122097e-29,
        8.801245261985144e-29,
        -1.2292149018323468e-34,
        -6.306152342999818e-28
    ],