{
    "user_id": 52,
    "item_id": 2793,
    "user_mlp_embedding": [
        -0.1587020754814148,
        -0.1401839554309845,
        -0.13030976057052612,
        -0.1428990513086319,
        -0.13083915412425995,
        0.12442360818386078,
        0.11300162225961685,
        0.12194345891475677,
        -0.15659606456756592,
        -0.1123092845082283,
        -0.12256067246198654,
        -0.12778887152671814,
        -0.09987913817167282,
        0.12722674012184143,
        -0.11030752211809158,
        -0.10948674380779266,
        0.15738900005817413,
        0.1336628943681717,
        0.1304577738046646,
        -0.11970628798007965,
        0.10050737857818604,
        -0.12624943256378174,
        -0.10625367611646652,
        0.12018991261720657,
        0.1385887712240219,
        -0.11919144541025162,
        -0.10406046360731125,
        -0.13525798916816711,
        -0.11684691905975342,
        -0.12358804047107697,
        -0.07653270661830902,
        -0.11939406394958496
    ],
    "item_mlp_embedding": [
        0.054501112550497055,
        0.0531296581029892,
        0.05535038188099861,
        0.053054824471473694,
        -0.05530654266476631,
        0.057750020176172256,
        -0.05223694443702698,
        0.05459889397025108,
        0.05443590506911278,
        0.054452620446681976,
        0.05280274897813797,
        0.05775810405611992,
        0.04489604011178017,
        0.04279934614896774,
        0.052226025611162186,
        0.05089147016406059,
        -0.05255788192152977,
        0.04813495650887489,
        -0.0485895499587059,
        0.053153254091739655,
        -0.046422090381383896,
        -0.05226750299334526,
        -0.057511597871780396,
        0.054070137441158295,
        -0.05212663114070892,
        0.05592105910181999,
        -0.04988186061382294,
        -0.05178095027804375,
        -0.05154888331890106,
        -0.04769883304834366,
        -0.04886559396982193,
        0.05063397064805031
    ],
    "user_mf_embedding": [
        5.516693330452627e-13,
        3.238065344032321e-16,
        -1.473441425022936e-14,
        -1.0562950838514354e-16,
        4.612739929549702e-17,
        -2.3559820245281276e-18,
        3.690724483841612e-14,
        5.825068342278281e-16,
        -6.108902730156093e-16,
        -4.6294700081631664e-15,
        2.2472261787460337e-18,
        -3.5472205007309673e-14,
        6.642655142033351e-15,
        2.716452618943023e-14,
        6.975815223045096e-15,
        -8.037197851475537e-17,
        -5.642550344548414e-17,
        -1.8324412995879014e-17,
        7.753489724446425e-15,
        9.1069003750036e-18,
        -2.491477889884214e-13,
        2.4402773638604325e-12,
        -1.3520110940479587e-16,
        5.079559169118841e-12,
        4.381390416236176e-17,
        -5.601857028877746e-17,
        2.647690226786903e-12,
        -1.190172135175885e-15,
        -1.2154643272226616e-14,
        -9.473048398991624e-17,
        1.9920167647405075e-18,
        1.271422627146775e-14
    ],
    "item_mf_embedding": [
        -5.5830475659268686e-11,
        4.3898034756935725e-14,
        -1.9281623552577093e-13,
        -1.0189901481239677e-17,
        -9.34087690144603e-15,
        9.250609606108764e-17,
        9.040568640927837e-12,
        3.7999066919295124e-14,
        3.986101897911426e-15,
        1.8182665473227356e-15,
        5.809775162415604e-17,
        2.034791334992042e-13,
        5.826095899122419e-16,
        1.2706870637353793e-14,
        6.337820795689856e-16,
        7.175387196846524e-15,
        2.742885118507129e-16,
        4.681229226954561e-16,
        4.907879658233583e-13,
        6.275747839034896e-17,
        1.0026682717607927e-13,
        3.206168105529886e-14,
        2.773421005656737e-14,
        -4.738299935248304e-14,
        -7.599156086291955e-16,
        -8.753285063738039e-15,
        1.5317518507382798e-14,
        1.633838463827031e-14,
        5.892651004733157e-14,
        8.7713133129874e-15,
        5.693279015410576e-17,
        -1.031261130974453e-15
    ],
    "mf_product": [
        -3.0799960172756234e-23,
        1.4214470399295823e-29,
        2.84103420931187e-27,
        1.0763542592998897e-33,
        -4.308703543080305e-31,
        -2.179426908263245e-34,
        3.3366247562526173e-25,
        2.213471586010804e-29,
        -2.4350709662029606e-30,
        -8.41761009810276e-30,
        1.3055879407078469e-34,
        -7.217853874898709e-27,
        3.870074596918429e-30,
        3.451761183596391e-28,
        4.42114672474211e-30,
        -5.76700067581212e-31,
        -1.5476867190193328e-32,
        -8.578077454945516e-33,
        3.805319406482365e-27,
        5.7152608805376545e-34,
        -2.4981258879062213e-26,
        7.823939714314297e-26,
        -3.7496960760721896e-30,
        -2.4068474088606803e-25,
        -3.3294869500635464e-32,
        4.903465128381676e-31,
        4.055604479814384e-26,
        -1.9445490225878764e-29,
        -7.162307166407665e-28,
        -8.309107831781747e-31,
        1.1341107507773523e-34,
        -1.3111687427038e-29
    ],
    "mlp_output": [
        6.595797061920166,
        6.122722625732422,
        7.140056133270264,
        5.564906597137451,
        0.0,
        0.0,
        0.0,
        1.4296343326568604,
        0.0,
        4.3710174560546875,
        0.0,
        0.0,
        0.0,
        0.0,
        0.0,
        5.822803497314453
    ],
    "final_vector": [
        6.595797061920166,
        6.122722625732422,
        7.140056133270264,
        5.564906597137451,
        0.0,
        0.0,
        0.0,
        1.4296343326568604,
        0.0,
        4.3710174560546875,
        0.0,
        0.0,
        0.0,
        0.0,
        0.0,
        5.822803497314453,
        -3.0799960172756234e-23,
        1.4214470399295823e-29,
        2.84103420931187e-27,
        1.0763542592998897e-33,
        -4.308703543080305e-31,
        -2.179426908263245e-34,
        3.3366247562526173e-25,
        2.213471586010804e-29,
        -2.4350709662029606e-30,
        -8.41761009810276e-30,
        1.3055879407078469e-34,
        -7.217853874898709e-27,
        3.870074596918429e-30,
        3.451761183596391e-28,
        4.42114672474211e-30,
        -5.76700067581212e-31,
        -1.5476867190193328e-32,
        -8.578077454945516e-33,
        3.805319406482365e-27,
        5.7152608805376545e-34,
        -2.4981258879062213e-26,
        7.823939714314297e-26,
        -3.7496960760721896e-30,
        -2.4068474088606803e-25,
        -3.3294869500635464e-32,
        4.903465128381676e-31,
        4.055604479814384e-26,
        -1.9445490225878764e-29,
        -7.162307166407665e-28,
        -8.309107831781747e-31,
        1.1341107507773523e-34,
        -1.3111687427038e-29
    ],