{
    "user_id": 307,
    "item_id": 6542,
    "user_mlp_embedding": [
        0.1504436880350113,
        0.11953110992908478,
        0.12292585521936417,
        0.13184098899364471,
        0.16176918148994446,
        -0.12905630469322205,
        -0.14945589005947113,
        -0.18525877594947815,
        0.119951032102108,
        0.11067216843366623,
        0.0961424931883812,
        0.12538106739521027,
        0.13195949792861938,
        -0.16522370278835297,
        0.11141087114810944,
        0.06831476092338562,
        -0.1442684382200241,
        -0.10008979588747025,
        -0.10537229478359222,
        0.13130061328411102,
        -0.10430734604597092,
        0.11796088516712189,
        0.08807402104139328,
        -0.09071248024702072,
        -0.1515391319990158,
        0.11494313925504684,
        0.16622085869312286,
        0.10931894928216934,
        0.14101620018482208,
        0.10960326343774796,
        0.09274639189243317,
        0.13129517436027527
    ],
    "item_mlp_embedding": [
        0.0523853674530983,
        0.04669342190027237,
        0.0520913228392601,
        0.03432133421301842,
        -0.05267610773444176,
        0.05520331487059593,
        -0.0469321645796299,
        0.05211002379655838,
        0.05298873037099838,
        0.05319519713521004,
        0.05081822723150253,
        0.06001405045390129,
        0.05531935766339302,
        0.04214678704738617,
        0.048507556319236755,
        0.05013484135270119,
        -0.050433434545993805,
        0.045467622578144073,
        -0.04719383642077446,
        0.051537659019231796,
        -0.044327303767204285,
        -0.052859965711832047,
        -0.05452921241521835,
        0.05211056396365166,
        -0.04964263364672661,
        0.053500913083553314,
        -0.04787267744541168,
        -0.05831068009138107,
        -0.050620730966329575,
        -0.045715343207120895,
        -0.0499865785241127,
        0.04913046956062317
    ],
    "user_mf_embedding": [
        -9.582402232810594e-11,
        1.5375374245812055e-14,
        -6.775649648554233e-14,
        1.0310330706621272e-17,
        4.5415573982448185e-17,
        7.217352014850139e-17,
        2.918953802082645e-14,
        -9.15978490972913e-12,
        -9.80983697052018e-11,
        -8.395035019795674e-14,
        5.781582352627768e-13,
        6.987781013545469e-12,
        1.2259237678821644e-12,
        -2.6176585204984448e-11,
        -8.643715083966885e-13,
        -1.2027890619256687e-12,
        3.83887952486563e-15,
        1.2439880770181554e-14,
        -6.59821719831144e-12,
        1.6135359311142926e-15,
        -3.3307842161461876e-12,
        -1.8922248490316207e-10,
        -7.089611770168106e-16,
        2.419558997601712e-10,
        -5.869133304359231e-14,
        -7.928081002567429e-15,
        5.35971163284632e-11,
        1.8106718381594167e-14,
        7.166183336841658e-14,
        -1.684427167788615e-14,
        3.320326327251044e-13,
        5.42144280857304e-12
    ],
    "item_mf_embedding": [
        -8.776732629783932e-15,
        -6.021776424893148e-18,
        -5.72831018730291e-12,
        -4.808826898786215e-19,
        -1.1968002103397973e-14,
        -8.020843663584751e-18,
        -3.884137765786848e-15,
        -6.390090245952853e-15,
        2.8157166810822976e-13,
        9.68492864031334e-13,
        -2.120499668720103e-17,
        -5.883868153984395e-13,
        -6.159053433380652e-16,
        -9.02818706567058e-15,
        -7.067112330451722e-14,
        2.2666054146427972e-13,
        1.8745123672868385e-16,
        3.124984910326655e-15,
        -4.611894286265877e-16,
        1.4513718265685783e-18,
        2.8386039178929234e-15,
        4.0963059610987784e-09,
        -1.5275421816937206e-15,
        -3.4659998395664138e-12,
        8.891380947944746e-17,
        -8.534252931489917e-16,
        -1.0069451782807048e-12,
        1.961932440781248e-15,
        4.535206676078551e-15,
        1.771017279226031e-13,
        -8.633460077250301e-17,
        -4.854626400378173e-16
    ],
    "mf_product": [
        8.410218673884224e-25,
        -9.25870661036047e-32,
        3.881302396428616e-25,
        -4.958059608128488e-36,
        -5.435336825518573e-31,
        -5.788925346248345e-34,
        -1.1337618563398466e-28,
        5.853185214178206e-26,
        -2.762172162715492e-23,
        -8.130531737723607e-26,
        -1.2259843346420833e-29,
        -4.111518188893399e-24,
        -7.550529865324924e-28,
        2.3632709789753045e-25,
        6.108610363420201e-26,
        -2.726248314699484e-25,
        7.19602705881298e-31,
        3.8874438519094564e-29,
        3.0430280529951365e-27,
        2.341840600530293e-33,
        -9.454776823729774e-27,
        -7.751132119079945e-19,
        1.082968087163979e-30,
        -8.386191209222813e-22,
        -5.2184700608144655e-30,
        6.766025112711563e-30,
        -5.3969357161731e-23,
        3.5524156991680367e-29,
        3.2500123182020506e-28,
        -2.9831495428731762e-27,
        -2.866590541338973e-29,
        -2.6319078766725596e-27
    ],
    "mlp_output": [
        0.49305474758148193,
        0.3563029170036316,
        0.511326014995575,
        0.3597680926322937,
        0.0,
        0.03753887116909027,
        0.0,
        0.004219315946102142,
        0.0,
        0.278975248336792,
        0.166421577334404,
        0.018301360309123993,
        0.41228947043418884,
        0.0,
        0.0,
        0.4470325708389282
    ],
    "final_vector": [
        0.49305474758148193,
        0.3563029170036316,
        0.511326014995575,
        0.3597680926322937,
        0.0,
        0.03753887116909027,
        0.0,
        0.004219315946102142,
        0.0,
        0.278975248336792,
        0.166421577334404,
        0.018301360309123993,
        0.41228947043418884,
        0.0,
        0.0,
        0.4470325708389282,
        8.410218673884224e-25,
        -9.25870661036047e-32,
        3.881302396428616e-25,
        -4.958059608128488e-36,
        -5.435336825518573e-31,
        -5.788925346248345e-34,
        -1.1337618563398466e-28,
        5.853185214178206e-26,
        -2.762172162715492e-23,
        -8.130531737723607e-26,
        -1.2259843346420833e-29,
        -4.111518188893399e-24,
        -7.550529865324924e-28,
        2.3632709789753045e-25,
        6.108610363420201e-26,
        -2.726248314699484e-25,
        7.19602705881298e-31,
        3.8874438519094564e-29,
        3.0430280529951365e-27,
        2.341840600530293e-33,
        -9.454776823729774e-27,
        -7.751132119079945e-19,
        1.082968087163979e-30,
        -8.386191209222813e-22,
        -5.2184700608144655e-30,
        6.766025112711563e-30,
        -5.3969357161731e-23,
        3.5524156991680367e-29,
        3.2500123182020506e-28,
        -2.9831495428731762e-27,
        -2.866590541338973e-29,
        -2.6319078766725596e-27
    ],