{
    "user_id": 307,
    "item_id": 5218,
    "user_mlp_embedding": [
        0.1504436880350113,
        0.11953110992908478,
        0.12292585521936417,
        0.13184098899364471,
        0.16176918148994446,
        -0.12905630469322205,
        -0.14945589005947113,
        -0.18525877594947815,
        0.119951032102108,
        0.11067216843366623,
        0.0961424931883812,
        0.12538106739521027,
        0.13195949792861938,
        -0.16522370278835297,
        0.11141087114810944,
        0.06831476092338562,
        -0.1442684382200241,
        -0.10008979588747025,
        -0.10537229478359222,
        0.13130061328411102,
        -0.10430734604597092,
        0.11796088516712189,
        0.08807402104139328,
        -0.09071248024702072,
        -0.1515391319990158,
        0.11494313925504684,
        0.16622085869312286,
        0.10931894928216934,
        0.14101620018482208,
        0.10960326343774796,
        0.09274639189243317,
        0.13129517436027527
    ],
    "item_mlp_embedding": [
        0.057309284806251526,
        0.05349968373775482,
        0.05445842817425728,
        0.055733513087034225,
        -0.05783872678875923,
        0.05703825131058693,
        -0.050282299518585205,
        0.05733117833733559,
        0.047059908509254456,
        0.05713631957769394,
        0.0550149604678154,
        0.060989342629909515,
        0.05735860392451286,
        0.04172235727310181,
        0.05645612254738808,
        0.05158320441842079,
        -0.05417349189519882,
        0.04463406652212143,
        -0.04836279898881912,
        0.05560116842389107,
        -0.04606536030769348,
        -0.05451790988445282,
        -0.061424169689416885,
        0.06046329438686371,
        -0.05384717509150505,
        0.057473234832286835,
        -0.05100756511092186,
        -0.053397465497255325,
        -0.05341729894280434,
        -0.04802313074469566,
        -0.04817976802587509,
        0.06375689804553986
    ],
    "user_mf_embedding": [
        -9.582402232810594e-11,
        1.5375374245812055e-14,
        -6.775649648554233e-14,
        1.0310330706621272e-17,
        4.5415573982448185e-17,
        7.217352014850139e-17,
        2.918953802082645e-14,
        -9.15978490972913e-12,
        -9.80983697052018e-11,
        -8.395035019795674e-14,
        5.781582352627768e-13,
        6.987781013545469e-12,
        1.2259237678821644e-12,
        -2.6176585204984448e-11,
        -8.643715083966885e-13,
        -1.2027890619256687e-12,
        3.83887952486563e-15,
        1.2439880770181554e-14,
        -6.59821719831144e-12,
        1.6135359311142926e-15,
        -3.3307842161461876e-12,
        -1.8922248490316207e-10,
        -7.089611770168106e-16,
        2.419558997601712e-10,
        -5.869133304359231e-14,
        -7.928081002567429e-15,
        5.35971163284632e-11,
        1.8106718381594167e-14,
        7.166183336841658e-14,
        -1.684427167788615e-14,
        3.320326327251044e-13,
        5.42144280857304e-12
    ],
    "item_mf_embedding": [
        -9.371277365222141e-11,
        -3.691693011753749e-18,
        8.276268295096412e-15,
        1.6703407001793547e-17,
        1.7414812107091203e-15,
        -4.683706268929688e-16,
        -1.7963917097016564e-15,
        -4.9263588678240613e-14,
        -1.729870316002219e-14,
        -7.659343537018415e-14,
        -1.170097666084195e-16,
        -6.382164897478573e-14,
        6.159764941056345e-16,
        -3.191085879222723e-15,
        3.329189137910027e-13,
        1.0475831594065118e-14,
        -5.379356032012822e-17,
        2.1327412932762874e-15,
        1.6332792865565715e-13,
        -6.43800149994399e-16,
        9.658170530696397e-13,
        -9.469422858690568e-13,
        2.1148464517161195e-16,
        1.4000292244964463e-11,
        2.185687840501496e-15,
        -5.372830357838277e-15,
        6.289334829844007e-13,
        -5.715632214888617e-15,
        -4.1697405890519373e-14,
        -9.131575568399261e-14,
        8.083977231221126e-17,
        -1.348305283610865e-13
    ],
    "mf_product": [
        8.979934929980323e-21,
        -5.676116037034509e-32,
        -5.6077095153254125e-28,
        1.7221764805657941e-34,
        7.909036910588143e-32,
        -3.3803955532825457e-32,
        -5.24358441298419e-29,
        4.512438698778771e-25,
        1.696974505129963e-24,
        6.430045682985299e-27,
        -6.765016105976636e-29,
        -4.459717152330588e-25,
        7.551402311589732e-28,
        8.353172937080265e-26,
        -2.877656113871783e-25,
        -1.2600215623738718e-26,
        -2.0650699193098877e-31,
        2.6531048181222935e-29,
        -1.0776731378141921e-24,
        -1.0387947021719427e-30,
        -3.216928228697878e-24,
        1.7918277477966344e-22,
        -1.4993439848693084e-31,
        3.3874532424209665e-21,
        -1.2828093339947317e-28,
        4.2596234942046597e-29,
        3.370902044483441e-23,
        -1.0349133815735502e-28,
        -2.9881124717468677e-27,
        1.5381474167587658e-27,
        2.684144188441632e-29,
        -7.309760176291241e-25
    ],
    "mlp_output": [
        0.5254459977149963,
        0.3886280953884125,
        0.5467607975006104,
        0.3881373405456543,
        0.0,
        0.0006932467222213745,
        0.0,
        0.012184232473373413,
        0.0,
        0.3003469705581665,
        0.15378573536872864,
        0.0,
        0.3946111798286438,
        0.0,
        0.0,
        0.4761528968811035
    ],
    "final_vector": [
        0.5254459977149963,
        0.3886280953884125,
        0.5467607975006104,
        0.3881373405456543,
        0.0,
        0.0006932467222213745,
        0.0,
        0.012184232473373413,
        0.0,
        0.3003469705581665,
        0.15378573536872864,
        0.0,
        0.3946111798286438,
        0.0,
        0.0,
        0.4761528968811035,
        8.979934929980323e-21,
        -5.676116037034509e-32,
        -5.6077095153254125e-28,
        1.7221764805657941e-34,
        7.909036910588143e-32,
        -3.3803955532825457e-32,
        -5.24358441298419e-29,
        4.512438698778771e-25,
        1.696974505129963e-24,
        6.430045682985299e-27,
        -6.765016105976636e-29,
        -4.459717152330588e-25,
        7.551402311589732e-28,
        8.353172937080265e-26,
        -2.877656113871783e-25,
        -1.2600215623738718e-26,
        -2.0650699193098877e-31,
        2.6531048181222935e-29,
        -1.0776731378141921e-24,
        -1.0387947021719427e-30,
        -3.216928228697878e-24,
        1.7918277477966344e-22,
        -1.4993439848693084e-31,
        3.3874532424209665e-21,
        -1.2828093339947317e-28,
        4.2596234942046597e-29,
        3.370902044483441e-23,
        -1.0349133815735502e-28,
        -2.9881124717468677e-27,
        1.5381474167587658e-27,
        2.684144188441632e-29,
        -7.309760176291241e-25
    ],