{
    "user_id": 307,
    "item_id": 3162,
    "user_mlp_embedding": [
        0.1504436880350113,
        0.11953110992908478,
        0.12292585521936417,
        0.13184098899364471,
        0.16176918148994446,
        -0.12905630469322205,
        -0.14945589005947113,
        -0.18525877594947815,
        0.119951032102108,
        0.11067216843366623,
        0.0961424931883812,
        0.12538106739521027,
        0.13195949792861938,
        -0.16522370278835297,
        0.11141087114810944,
        0.06831476092338562,
        -0.1442684382200241,
        -0.10008979588747025,
        -0.10537229478359222,
        0.13130061328411102,
        -0.10430734604597092,
        0.11796088516712189,
        0.08807402104139328,
        -0.09071248024702072,
        -0.1515391319990158,
        0.11494313925504684,
        0.16622085869312286,
        0.10931894928216934,
        0.14101620018482208,
        0.10960326343774796,
        0.09274639189243317,
        0.13129517436027527
    ],
    "item_mlp_embedding": [
        0.06031684949994087,
        0.05736331641674042,
        0.05697450786828995,
        0.05699887499213219,
        -0.06462554633617401,
        0.07241014391183853,
        -0.054947901517152786,
        0.054060276597738266,
        0.05799000710248947,
        0.05889412388205528,
        0.0554284043610096,
        0.06297274678945541,
        0.05823864787817001,
        0.043398723006248474,
        0.05645592138171196,
        0.05267663672566414,
        -0.05608881264925003,
        0.04909063130617142,
        -0.04906913638114929,
        0.05710194632411003,
        -0.04689600318670273,
        -0.055029142647981644,
        -0.0633455440402031,
        0.058398257941007614,
        -0.05291132628917694,
        0.0606902651488781,
        -0.05932952091097832,
        -0.05502430349588394,
        -0.0560956634581089,
        -0.04888800531625748,
        -0.04606897756457329,
        0.052607279270887375
    ],
    "user_mf_embedding": [
        -9.582402232810594e-11,
        1.5375374245812055e-14,
        -6.775649648554233e-14,
        1.0310330706621272e-17,
        4.5415573982448185e-17,
        7.217352014850139e-17,
        2.918953802082645e-14,
        -9.15978490972913e-12,
        -9.80983697052018e-11,
        -8.395035019795674e-14,
        5.781582352627768e-13,
        6.987781013545469e-12,
        1.2259237678821644e-12,
        -2.6176585204984448e-11,
        -8.643715083966885e-13,
        -1.2027890619256687e-12,
        3.83887952486563e-15,
        1.2439880770181554e-14,
        -6.59821719831144e-12,
        1.6135359311142926e-15,
        -3.3307842161461876e-12,
        -1.8922248490316207e-10,
        -7.089611770168106e-16,
        2.419558997601712e-10,
        -5.869133304359231e-14,
        -7.928081002567429e-15,
        5.35971163284632e-11,
        1.8106718381594167e-14,
        7.166183336841658e-14,
        -1.684427167788615e-14,
        3.320326327251044e-13,
        5.42144280857304e-12
    ],
    "item_mf_embedding": [
        -1.7901178044239796e-13,
        5.321101738112101e-16,
        2.420960940128624e-14,
        1.7356361539774736e-15,
        -5.712200275614359e-17,
        7.618442497105344e-16,
        -2.3770174425723103e-16,
        -2.046643697616382e-14,
        -1.971577435545043e-14,
        -7.226659795209721e-15,
        -3.061048957643769e-16,
        4.667217607941081e-15,
        2.0211768050242343e-14,
        -3.5343942619755217e-15,
        -2.2643486478207686e-12,
        2.2781546686445446e-16,
        2.0167735360116683e-17,
        5.730991886837653e-15,
        1.7117195519073675e-13,
        3.9445477320685512e-16,
        -4.898905513564013e-14,
        -1.8869472228223022e-13,
        -4.1399860262687e-17,
        -3.2605398381235773e-09,
        -8.692843968995524e-16,
        3.7510179089776847e-16,
        -7.469663722194791e-14,
        -2.386842918881342e-15,
        6.9244886517425e-13,
        2.3851007838670765e-14,
        1.687721485384768e-16,
        1.3603950526296614e-15
    ],
    "mf_product": [
        1.71536289227371e-23,
        8.181393285790896e-30,
        -1.6403582522443464e-27,
        1.789498249674161e-32,
        -2.594228604872446e-33,
        5.498498252878086e-32,
        -6.93840411821445e-30,
        1.8746815956795528e-25,
        1.934085385640637e-24,
        6.0668064361961225e-28,
        -1.7697706093008363e-28,
        3.2613494300051325e-26,
        2.477808713662496e-26,
        9.25183711733222e-26,
        1.9572384532088737e-24,
        -2.7401394580537864e-28,
        7.742150802107552e-32,
        7.129285291951823e-29,
        -1.1294297101600638e-24,
        6.3646694937419445e-31,
        1.6317197091829512e-25,
        3.570528345259412e-23,
        2.935089493579468e-32,
        -7.889068622126225e-19,
        5.101946108195984e-29,
        -2.9738374549249452e-30,
        -4.0035243142600004e-24,
        -4.321789202617388e-29,
        4.962215509240067e-26,
        -4.017528623331905e-28,
        5.603786275658074e-29,
        7.37530404045621e-27
    ],
    "mlp_output": [
        0.5427149534225464,
        0.40583932399749756,
        0.5656521320343018,
        0.40324899554252625,
        0.0,
        0.0,
        0.0,
        0.016424253582954407,
        0.0,
        0.3117448687553406,
        0.14714927971363068,
        0.0,
        0.3853457570075989,
        0.0,
        0.0,
        0.4916696548461914
    ],
    "final_vector": [
        0.5427149534225464,
        0.40583932399749756,
        0.5656521320343018,
        0.40324899554252625,
        0.0,
        0.0,
        0.0,
        0.016424253582954407,
        0.0,
        0.3117448687553406,
        0.14714927971363068,
        0.0,
        0.3853457570075989,
        0.0,
        0.0,
        0.4916696548461914,
        1.71536289227371e-23,
        8.181393285790896e-30,
        -1.6403582522443464e-27,
        1.789498249674161e-32,
        -2.594228604872446e-33,
        5.498498252878086e-32,
        -6.93840411821445e-30,
        1.8746815956795528e-25,
        1.934085385640637e-24,
        6.0668064361961225e-28,
        -1.7697706093008363e-28,
        3.2613494300051325e-26,
        2.477808713662496e-26,
        9.25183711733222e-26,
        1.9572384532088737e-24,
        -2.7401394580537864e-28,
        7.742150802107552e-32,
        7.129285291951823e-29,
        -1.1294297101600638e-24,
        6.3646694937419445e-31,
        1.6317197091829512e-25,
        3.570528345259412e-23,
        2.935089493579468e-32,
        -7.889068622126225e-19,
        5.101946108195984e-29,
        -2.9738374549249452e-30,
        -4.0035243142600004e-24,
        -4.321789202617388e-29,
        4.962215509240067e-26,
        -4.017528623331905e-28,
        5.603786275658074e-29,
        7.37530404045621e-27
    ],