{
    "user_id": 307,
    "item_id": 2795,
    "user_mlp_embedding": [
        0.1504436880350113,
        0.11953110992908478,
        0.12292585521936417,
        0.13184098899364471,
        0.16176918148994446,
        -0.12905630469322205,
        -0.14945589005947113,
        -0.18525877594947815,
        0.119951032102108,
        0.11067216843366623,
        0.0961424931883812,
        0.12538106739521027,
        0.13195949792861938,
        -0.16522370278835297,
        0.11141087114810944,
        0.06831476092338562,
        -0.1442684382200241,
        -0.10008979588747025,
        -0.10537229478359222,
        0.13130061328411102,
        -0.10430734604597092,
        0.11796088516712189,
        0.08807402104139328,
        -0.09071248024702072,
        -0.1515391319990158,
        0.11494313925504684,
        0.16622085869312286,
        0.10931894928216934,
        0.14101620018482208,
        0.10960326343774796,
        0.09274639189243317,
        0.13129517436027527
    ],
    "item_mlp_embedding": [
        0.05970432609319687,
        0.0549948625266552,
        0.05361282080411911,
        0.05503126606345177,
        -0.05713866651058197,
        0.06376765668392181,
        -0.054071150720119476,
        0.05663316324353218,
        0.04794204607605934,
        0.05679776147007942,
        0.05863167718052864,
        0.060815662145614624,
        0.0564916655421257,
        0.0437491200864315,
        0.0536423958837986,
        0.044497713446617126,
        -0.05258958786725998,
        0.04902143403887749,
        -0.03757001832127571,
        0.055415283888578415,
        -0.04174027591943741,
        -0.054178737103939056,
        -0.06616228073835373,
        0.05624702572822571,
        -0.053848445415496826,
        0.040996428579092026,
        -0.05094609409570694,
        -0.05329535901546478,
        -0.053127042949199677,
        -0.04909053072333336,
        -0.058552179485559464,
        0.05218209698796272
    ],
    "user_mf_embedding": [
        -9.582402232810594e-11,
        1.5375374245812055e-14,
        -6.775649648554233e-14,
        1.0310330706621272e-17,
        4.5415573982448185e-17,
        7.217352014850139e-17,
        2.918953802082645e-14,
        -9.15978490972913e-12,
        -9.80983697052018e-11,
        -8.395035019795674e-14,
        5.781582352627768e-13,
        6.987781013545469e-12,
        1.2259237678821644e-12,
        -2.6176585204984448e-11,
        -8.643715083966885e-13,
        -1.2027890619256687e-12,
        3.83887952486563e-15,
        1.2439880770181554e-14,
        -6.59821719831144e-12,
        1.6135359311142926e-15,
        -3.3307842161461876e-12,
        -1.8922248490316207e-10,
        -7.089611770168106e-16,
        2.419558997601712e-10,
        -5.869133304359231e-14,
        -7.928081002567429e-15,
        5.35971163284632e-11,
        1.8106718381594167e-14,
        7.166183336841658e-14,
        -1.684427167788615e-14,
        3.320326327251044e-13,
        5.42144280857304e-12
    ],
    "item_mf_embedding": [
        1.8813334570766393e-11,
        9.022053911857749e-16,
        -3.008657504990214e-13,
        -1.9271323039015418e-19,
        -2.006998828739913e-15,
        4.497843946896045e-16,
        -3.3412059519810763e-15,
        5.041514081205456e-13,
        -1.770450512540364e-13,
        6.187050654790638e-13,
        -6.1481052149000345e-15,
        9.467792083097878e-14,
        2.1863671897243142e-12,
        1.5197202559423008e-14,
        1.5557294222399293e-13,
        3.0506723805234304e-15,
        -7.324134414485835e-17,
        -5.77963021273489e-15,
        8.836077621541052e-14,
        1.2915202625895725e-15,
        2.5320669294463284e-14,
        -4.6634830396766365e-15,
        6.973725253951041e-14,
        2.4657584418719125e-08,
        6.167482469997016e-16,
        -3.2791294483756504e-15,
        -3.513372047719149e-13,
        -2.0802840515737192e-13,
        -4.530461597508032e-15,
        -1.9290210433783178e-13,
        -1.5188429680369617e-16,
        -1.0402024022953399e-13
    ],
    "mf_product": [
        -1.802769463122216e-21,
        1.3871745147161038e-29,
        2.0385609467997258e-26,
        -1.986937190014599e-36,
        -9.114900157963924e-32,
        3.246252252196934e-32,
        -9.752825580795003e-29,
        -4.6179183750996176e-24,
        1.7367831479775381e-23,
        -5.194050635928043e-26,
        -3.5545775796047356e-27,
        6.6158860126678915e-25,
        2.6803196002023525e-24,
        -3.9781086950079767e-25,
        -1.344728167559021e-25,
        -3.669315241227594e-27,
        -2.811647070217697e-31,
        -7.189790788567178e-29,
        -5.830235771331129e-25,
        2.083914316267694e-30,
        -8.4337686370954e-26,
        8.824358816211677e-25,
        -4.9441005010726524e-29,
        5.966048026254531e-18,
        -3.6197778073119645e-29,
        2.59972044747631e-29,
        -1.8830660432537396e-23,
        -3.76671182963119e-27,
        -3.246611848143992e-28,
        3.249295342632004e-27,
        -5.043054179762161e-29,
        -5.639397992406522e-25
    ],
    "mlp_output": [
        0.5191093683242798,
        0.38225817680358887,
        0.5398260951042175,
        0.38256511092185974,
        0.0,
        0.008094951510429382,
        0.0,
        0.010616380721330643,
        0.0,
        0.2961704134941101,
        0.1564675122499466,
        0.00273006409406662,
        0.39839911460876465,
        0.0,
        0.0,
        0.47044217586517334
    ],
    "final_vector": [
        0.5191093683242798,
        0.38225817680358887,
        0.5398260951042175,
        0.38256511092185974,
        0.0,
        0.008094951510429382,
        0.0,
        0.010616380721330643,
        0.0,
        0.2961704134941101,
        0.1564675122499466,
        0.00273006409406662,
        0.39839911460876465,
        0.0,
        0.0,
        0.47044217586517334,
        -1.802769463122216e-21,
        1.3871745147161038e-29,
        2.0385609467997258e-26,
        -1.986937190014599e-36,
        -9.114900157963924e-32,
        3.246252252196934e-32,
        -9.752825580795003e-29,
        -4.6179183750996176e-24,
        1.7367831479775381e-23,
        -5.194050635928043e-26,
        -3.5545775796047356e-27,
        6.6158860126678915e-25,
        2.6803196002023525e-24,
        -3.9781086950079767e-25,
        -1.344728167559021e-25,
        -3.669315241227594e-27,
        -2.811647070217697e-31,
        -7.189790788567178e-29,
        -5.830235771331129e-25,
        2.083914316267694e-30,
        -8.4337686370954e-26,
        8.824358816211677e-25,
        -4.9441005010726524e-29,
        5.966048026254531e-18,
        -3.6197778073119645e-29,
        2.59972044747631e-29,
        -1.8830660432537396e-23,
        -3.76671182963119e-27,
        -3.246611848143992e-28,
        3.249295342632004e-27,
        -5.043054179762161e-29,
        -5.639397992406522e-25
    ],