{
    "user_id": 307,
    "item_id": 1395,
    "user_mlp_embedding": [
        0.1504436880350113,
        0.11953110992908478,
        0.12292585521936417,
        0.13184098899364471,
        0.16176918148994446,
        -0.12905630469322205,
        -0.14945589005947113,
        -0.18525877594947815,
        0.119951032102108,
        0.11067216843366623,
        0.0961424931883812,
        0.12538106739521027,
        0.13195949792861938,
        -0.16522370278835297,
        0.11141087114810944,
        0.06831476092338562,
        -0.1442684382200241,
        -0.10008979588747025,
        -0.10537229478359222,
        0.13130061328411102,
        -0.10430734604597092,
        0.11796088516712189,
        0.08807402104139328,
        -0.09071248024702072,
        -0.1515391319990158,
        0.11494313925504684,
        0.16622085869312286,
        0.10931894928216934,
        0.14101620018482208,
        0.10960326343774796,
        0.09274639189243317,
        0.13129517436027527
    ],
    "item_mlp_embedding": [
        0.07536696642637253,
        0.07286343723535538,
        0.0738125890493393,
        0.07304093986749649,
        -0.07920008152723312,
        0.08091925829648972,
        -0.0714646428823471,
        0.0748944953083992,
        0.07439959049224854,
        0.07651044428348541,
        0.08194940537214279,
        0.09905674308538437,
        0.07569058239459991,
        0.05978325754404068,
        0.0840897336602211,
        0.06161122024059296,
        -0.07943017780780792,
        0.06574585288763046,
        -0.06280583143234253,
        0.049464549869298935,
        -0.06414173543453217,
        -0.07536649703979492,
        -0.07942768931388855,
        0.07492082566022873,
        -0.07051976770162582,
        0.07764969021081924,
        -0.04859388619661331,
        -0.07122301310300827,
        -0.07023373991250992,
        -0.06491608917713165,
        -0.08710897713899612,
        0.08610126376152039
    ],
    "user_mf_embedding": [
        -9.582402232810594e-11,
        1.5375374245812055e-14,
        -6.775649648554233e-14,
        1.0310330706621272e-17,
        4.5415573982448185e-17,
        7.217352014850139e-17,
        2.918953802082645e-14,
        -9.15978490972913e-12,
        -9.80983697052018e-11,
        -8.395035019795674e-14,
        5.781582352627768e-13,
        6.987781013545469e-12,
        1.2259237678821644e-12,
        -2.6176585204984448e-11,
        -8.643715083966885e-13,
        -1.2027890619256687e-12,
        3.83887952486563e-15,
        1.2439880770181554e-14,
        -6.59821719831144e-12,
        1.6135359311142926e-15,
        -3.3307842161461876e-12,
        -1.8922248490316207e-10,
        -7.089611770168106e-16,
        2.419558997601712e-10,
        -5.869133304359231e-14,
        -7.928081002567429e-15,
        5.35971163284632e-11,
        1.8106718381594167e-14,
        7.166183336841658e-14,
        -1.684427167788615e-14,
        3.320326327251044e-13,
        5.42144280857304e-12
    ],
    "item_mf_embedding": [
        1.583247313634295e-12,
        -9.216473172482791e-15,
        1.2524291499727003e-13,
        -9.242851024194293e-19,
        8.276711637434961e-17,
        1.2045283311627756e-17,
        -1.966991556816961e-15,
        7.690297678449465e-15,
        -9.707223230405386e-17,
        -2.8890133896828686e-15,
        -6.952404244852057e-18,
        1.6390860023418607e-14,
        -1.5501745844070003e-15,
        -2.981724110375167e-15,
        -1.5264056752367422e-15,
        3.278911295040085e-14,
        1.1685727751685656e-17,
        1.5795384638312283e-15,
        -1.2401068449988941e-15,
        1.084105475071897e-17,
        -6.769475117181928e-14,
        -2.4407713466990076e-14,
        -3.342391215772081e-16,
        1.2404648705791055e-12,
        -1.6803562692105958e-16,
        -2.544838756922825e-16,
        3.8414093412285355e-13,
        1.9232886801451386e-15,
        -5.470371876835356e-14,
        -1.3641110539319018e-13,
        1.5237365685408255e-16,
        2.7586778889900077e-15
    ],
    "mf_product": [
        -1.5171312344692978e-22,
        -1.4170672344948027e-28,
        -8.486020965379372e-27,
        -9.529684775466727e-36,
        3.758916121848846e-33,
        8.693505306395503e-34,
        -5.741557674229815e-29,
        -7.044147011717833e-26,
        9.522628106042514e-27,
        2.4253368197352138e-28,
        -4.019589955179179e-30,
        1.1453573788302516e-25,
        -1.9003957725915554e-27,
        7.805135242486091e-26,
        1.319381612154803e-27,
        -3.943838605132913e-26,
        4.486009997557913e-32,
        1.9649270164955393e-29,
        8.182494406143944e-27,
        1.749243151756664e-32,
        2.254766119690549e-25,
        4.61848832710364e-24,
        2.369625694379122e-31,
        3.00137795013468e-22,
        9.862235103059935e-30,
        2.0175688508699955e-30,
        2.058884679682321e-23,
        3.4824445578025717e-29,
        -3.920168772041998e-27,
        2.297745742404758e-27,
        5.059302408108605e-29,
        1.4956013902085163e-26
    ],
    "mlp_output": [
        0.7268197536468506,
        0.5894097089767456,
        0.7670935988426208,
        0.5643999576568604,
        0.0,
        0.0,
        0.0,
        0.06173006445169449,
        0.0,
        0.43327802419662476,
        0.07584081590175629,
        0.0,
        0.28556257486343384,
        0.0,
        0.0,
        0.6571329236030579
    ],
    "final_vector": [
        0.7268197536468506,
        0.5894097089767456,
        0.7670935988426208,
        0.5643999576568604,
        0.0,
        0.0,
        0.0,
        0.06173006445169449,
        0.0,
        0.43327802419662476,
        0.07584081590175629,
        0.0,
        0.28556257486343384,
        0.0,
        0.0,
        0.6571329236030579,
        -1.5171312344692978e-22,
        -1.4170672344948027e-28,
        -8.486020965379372e-27,
        -9.529684775466727e-36,
        3.758916121848846e-33,
        8.693505306395503e-34,
        -5.741557674229815e-29,
        -7.044147011717833e-26,
        9.522628106042514e-27,
        2.4253368197352138e-28,
        -4.019589955179179e-30,
        1.1453573788302516e-25,
        -1.9003957725915554e-27,
        7.805135242486091e-26,
        1.319381612154803e-27,
        -3.943838605132913e-26,
        4.486009997557913e-32,
        1.9649270164955393e-29,
        8.182494406143944e-27,
        1.749243151756664e-32,
        2.254766119690549e-25,
        4.61848832710364e-24,
        2.369625694379122e-31,
        3.00137795013468e-22,
        9.862235103059935e-30,
        2.0175688508699955e-30,
        2.058884679682321e-23,
        3.4824445578025717e-29,
        -3.920168772041998e-27,
        2.297745742404758e-27,
        5.059302408108605e-29,
        1.4956013902085163e-26
    ],